"taxa","commonname","family","order","class","include","juv.cut.cm","fishcode","wl_non.standard","wl_a","wl_b","wl_w_units","wl_l_units","wl_input_length","wl_reference_notes","wl_notes","lc.a._for_wl","lc.b._for_wl","lc_type_for_wl","ll_reference_notes_for_wl","ll_equation_for_wl","vbgf.linf","vbgf.k","vbgf.t0","vbgf.linf.f","vbgf.k.f","vbgf.t0.f","vbgf.linf.m","vbgf.k.m","vbgf.t0.m","vbgf_input_length","vbgf.reference","vbgf_reference_notes","lc.a._for_vbgf","lc.b._for_vbgf","lc_type_for_vbgf","ll_reference_for_vbgf","ll_equation_for_vbgf","f_type","f_a","f_b","f_l_units","f_input_length","descriptiona","output.units","f_citation","size_mature_cm","sm_input_length","f_sm_notes","guild","description","letter.6","code","classcode","crane_code","vgr.code","rcca.code","kfm.species.number","kfm.species.code","lter.code","rigbase.fishcode","rigbase_scientific_name","rigbase_common_name","rigbase_sp_sub_gp","rigbase_species_grp","rigbase_family","rigbase_category","spelling.old.name","max_length_fishbase","no.lat","so.lat","lim_min_in","trophicgroup","broadtrophic","targeted","notes_tg","biomass_buster","corrected_wl_l_units","corrected_wl_w_units"
"Atherinops affinis","topsmelt","Atherinopsidae","Atheriniformes","Actinopterygii",1,10,NA,NA,0.00662519665579384,3.238,"g","mm","SL","Williams et al. 2013",NA,1.1934,-0.00192,"REVERSE","Williams et al. 2013","TL= 1.1934 *SL + -0.0192",NA,NA,NA,NA,NA,NA,NA,NA,NA,NA,NA,NA,1.1934,-0.00192,"REVERSE","Williams et al. 2013","TL= 1.1934 *SL + -0.0192",NA,NA,NA,NA,NA,NA,NA,NA,NA,NA,NA,4,"water column  benthic foragers  schooling  diurnal herbivores","ATHAFF",14400,"AAFF","AAFF","Atherinops affinis",NA,NA,NA,NA,NA,NA,NA,NA,NA,NA,NA,NA,37,50,23,NA,"planktivore","planktivore","Non-targeted",NA,"1","cm","g"
"Atherinopsis californiensis","jacksmelt","Atherinopsidae","Atheriniformes","Actinopterygii",1,10,NA,NA,0.010573949324041,3.0114,"g","mm","SL","Williams et al. 2013",NA,1.2181,-0.23293,"REVERSE","Williams et al. 2013","TL= 1.2181 *SL + -2.3293",NA,NA,NA,NA,NA,NA,NA,NA,NA,NA,NA,NA,1.2181,-0.23293,"REVERSE","Williams et al. 2013","TL= 1.2181 *SL + -2.3293",NA,NA,NA,NA,NA,NA,NA,NA,NA,NA,NA,23,"water column  pelagic mesocarnivores","ATHCAL",20011,"ACAL","ACAL","Atherinopsis californiensis",NA,NA,NA,NA,NA,NA,NA,NA,NA,NA,NA,NA,45,44,28,NA,"planktivore","planktivore","Non-targeted",NA,"1","cm","g"
"Artedius corallinus","coralline sculpin","Cottidae","Scorpaeniformes","Actinopterygii",1,3,"CORAL",NA,0.0243719727041929,2.8831,"g","mm","SL","Williams et al. 2013",NA,1.18849536486808,-0.10798,"TYPICAL","VRG unpublished data","(SL = aTL+b)cm",11.7,0.36,0,NA,NA,NA,NA,NA,NA,"TL","used Clinocottus analis",NA,NA,NA,NA,"VRG unpublished data","(SL = aTL+b)cm",NA,NA,NA,NA,NA,NA,NA,NA,NA,NA,NA,19,NA,"ARTCOR",36415,"ACOR","ACOR","Artedius corallinus",NA,NA,NA,NA,"CORAL","Artedius corallinus","coralline sculpin","SCULPIN","SCULPIN","Cottidae",NA,NA,14,48,30,NA,"benthic micro-invertivore","carnivore","Non-targeted",NA,"1","cm","g"
"Anisotremus davidsonii","sargo","Haemulidae","Perciformes","Actinopterygii",1,10,NA,NA,0.0219504712294585,3.1266,"g","mm","SL","Williams et al. 2013",NA,1.2345,0.5784,"REVERSE","Williams et al. 2013","TL= 1.2345 *SL + 5.784",NA,NA,NA,NA,NA,NA,NA,NA,NA,NA,NA,NA,1.2345,0.5784,"REVERSE","Williams et al. 2013","TL= 1.2345 *SL + 5.784",NA,NA,NA,NA,NA,NA,NA,NA,NA,NA,NA,14,"substrate associated  nocturnal generalists","ANIDAV",15600,"ADAV","ADAV","Anisotremus davidsonii","Sargo",NA,NA,NA,NA,NA,NA,NA,NA,NA,NA,"Anisotremus davidsoni",58,NA,NA,NA,"benthic macro-invertivore","carnivore","Non-targeted",NA,"1","cm","g"
"Aulorhynchus flavidus","tubesnout","Aulorhynchidae","Gasterosteiformes","Actinopterygii",1,5,"A_FLAV",NA,0.00043602863823616,3.43,"g","mm","TL","Bayer 1980",NA,NA,NA,NA,NA,NA,19.9,0.5,-2.31,NA,NA,NA,NA,NA,NA,"TL","Bayer 1980","TL cm",NA,NA,NA,NA,NA,NA,NA,NA,NA,NA,NA,NA,NA,NA,NA,NA,5,"substrate associated  water column foragers  selective feeding  usually benthic refugers  diurnal","AULFLA",16800,"AFLA","AFLA","Aulorhynchus flavidus",NA,NA,NA,NA,"A_FLAV","Aulorhynchus flavidus","tubesnout",NA,NA,"Gasterosteidae",NA,NA,18,57,27,NA,"planktivore","planktivore","Non-targeted",NA,"1","cm","g"
"Alloclinus holderi","island kelpfish","Labrisomidae","Perciformes","Actinopterygii",1,5,"A_HOLD",NA,0.008303,3.089217,"g","cm","TL","Love unpublished data",NA,NA,NA,NA,NA,NA,NA,NA,NA,156.5,0.054,-1.1,32.3,0.57,-0.35,"TL","used Heterostichus rostratus (Stepien 1986)",NA,NA,NA,NA,NA,NA,NA,NA,NA,NA,NA,NA,NA,NA,NA,NA,NA,20,"substrate associated  benthic foragers  pickers and scrapers  diurnal","ALLHOL",37501,"AHOL","AHOL","Alloclinus holderi",NA,14027,"Alloclinus holderi","AHOL","A_HOLD","Alloclinus holderi","island kelpfish","CLINID","CLINID","Clinidae",NA,NA,10,34,27,NA,"benthic micro-invertivore","carnivore","Non-targeted",NA,"1","cm","g"
"Atractoscion nobilis","white seabass","Sciaenidae","Perciformes","Actinopterygii",1,10,"A_NOBI",NA,0.022138920937356,2.8724,"g","mm","SL","Williams et al. 2013",NA,1.1527,1.1294,"REVERSE","Williams et al. 2013","TL= 1.1527 *SL + 11.294",146.5,0.128,-0.2805,NA,NA,NA,NA,NA,NA,"TL","Thomas 1968","TL cm",1.1527,1.1294,"REVERSE","Williams et al. 2013","TL= 1.1527 *SL + 11.294",NA,NA,NA,NA,NA,NA,NA,NA,NA,NA,NA,NA,NA,"ATRNOB",15201,"ANOB","ANOB","Atractoscion nobilis",NA,NA,NA,NA,"A_NOBI","Atractoscion nobilis","white seabass",NA,NA,"Sciaenidae",NA,NA,166,58,24,28,"piscivore","piscivore","Targeted",NA,"0","cm","g"
"Anarrhichthys ocellatus","wolf-eel","Anarhichadidae","Perciformes","Actinopterygii",1,10,"WOLFEL",NA,0.00620251731114142,3.091,"g","mm","TL","RecFIN",NA,NA,NA,NA,NA,NA,62,0.14,-1.95,NA,NA,NA,NA,NA,NA,"TL","used Cebidichthys violaceus (Marshall 1992)",NA,NA,NA,NA,NA,NA,"NO",NA,NA,NA,NA,NA,NA,NA,NA,NA,NA,16,NA,"ANAOCE",NA,"AOCE","AOCE","Anarrhichthys ocellatus",NA,NA,NA,NA,"WOLFEL","Anarrhichthys ocellatus","wolf-eel","WOLFFISH","WOLFFISH","Anarhichadidae","Other fishes",NA,240,57,32,NA,"benthic macro-invertivore","carnivore","Non-targeted",NA,"1","cm","g"
"Apodichthys sactaerosae","kelp gunnel","Pholidae","Perciformes","Actinopterygii",1,10,NA,NA,0.00299680181231142,3.42744,"g","mm","TL","used Gymnothorax mordax",NA,NA,NA,NA,NA,NA,NA,NA,NA,NA,NA,NA,NA,NA,NA,NA,NA,NA,NA,NA,NA,NA,NA,NA,NA,NA,NA,NA,NA,NA,NA,NA,NA,NA,NA,NA,NA,NA,"ASAN","USAN",NA,NA,NA,NA,NA,NA,NA,NA,NA,NA,NA,NA,NA,NA,NA,NA,NA,"benthic micro-invertivore","carnivore","Non-targeted",NA,"1","cm","g"
"Atherinopsidae","New World silversides","Atherinopsidae","Atheriniformes","Actinopterygii",1,10,NA,NA,0.00662519665579384,3.238,"g","mm","SL","used Atherinops affinis",NA,1.1934,-0.00192,"REVERSE","used Atherinops affinis","TL= 1.1934 *SL + -0.0192",NA,NA,NA,NA,NA,NA,NA,NA,NA,NA,NA,NA,NA,NA,NA,"FishBase","TL=1.127SL",NA,NA,NA,NA,NA,NA,NA,NA,NA,NA,NA,4,NA,NA,14300,"ATHE","ATHE","Atherinopsidae",NA,NA,NA,NA,NA,NA,NA,NA,NA,NA,NA,"Atherinops sp.",NA,NA,NA,NA,"planktivore","planktivore","Non-targeted",NA,"1","cm","g"
"Baitball","unidentified baitfish",NA,NA,NA,0,10,NA,NA,0.00662519665579384,3.238,"g","mm","SL","used Atherinops affinis",NA,1.1934,-0.00192,"REVERSE","used Atherinops affinis","TL= 1.1934 *SL + -0.0192",NA,NA,NA,NA,NA,NA,NA,NA,NA,NA,NA,NA,NA,NA,NA,"FishBase","TL=1.127SL",NA,NA,NA,NA,NA,NA,NA,NA,NA,NA,NA,1,NA,NA,99122,"BAITBALL","BAITBALL","Baitball",NA,NA,NA,NA,NA,NA,NA,NA,NA,NA,NA,"Bait",NA,NA,NA,NA,"planktivore","planktivore","Targeted",NA,"1","cm","g"
"Bathymasteridae sp.","ronquil","Bathymasteridae","Perciformes","Actinopterygii",1,10,NA,NA,0.00315937262891459,3.442696,"g","mm","TL","used Rathbunella hypoplecta",NA,NA,NA,NA,NA,NA,NA,NA,NA,NA,NA,NA,NA,NA,NA,NA,NA,NA,NA,NA,NA,NA,NA,NA,NA,NA,NA,NA,NA,NA,NA,NA,NA,NA,NA,NA,NA,NA,"BATH","BATH",NA,NA,NA,NA,NA,NA,NA,NA,NA,NA,NA,NA,NA,NA,NA,NA,NA,"benthic micro-invertivore","carnivore","Non-targeted",NA,"1","cm","g"
"Brachyistius frenatus","kelp surfperch","Embiotocidae","Perciformes","Actinopterygii",1,5,"KELPSP",NA,0.0114437932853118,3.3596,"g","mm","SL","Miller et al. 2008",NA,1.27828198900677,0.53443,"TYPICAL","VRG unpublished data","(SL = aTL+b)cm",12.87,0.63,-0.45,NA,NA,NA,NA,NA,NA,"SL","used Cymatogater aggregata",NA,1.18,0,"REVERSE","VRG unpublished data","(SL = aTL+b)cm",NA,NA,NA,NA,NA,NA,NA,NA,NA,NA,NA,8,"substrate associated  water column foragers  benthic foragers  schooling  often benthic refuging  diurnal  pickers","BRAFRE",39991,"BFRE","BFRE","Brachyistius frenatus",NA,NA,NA,"BFRE","KELPSP","Brachyistius frenatus","kelp surfperch","SURFPERCH","SURFPERCH","Embiotocidae",NA,NA,22,50,27,NA,"benthic micro-invertivore","carnivore","Non-targeted",NA,"1","cm","g"
"Balistes polylepis","finescale triggerfish","Balistidae","Tetraodontiformes","Actinopterygii",1,10,NA,NA,0.0547,2.66,"g","cm","TL","Barroso-Soto et al. 2007",NA,NA,NA,NA,NA,NA,55.8,0.17,-1.7,NA,NA,NA,NA,NA,NA,NA,"Barroso-Soto et al 2007","cm TL",NA,NA,NA,NA,NA,NA,NA,NA,NA,NA,NA,NA,NA,NA,NA,NA,12,"substrate associated crushers","BALPOL",99111,"BPOL","BPOL","Balistes polylepis",NA,NA,NA,NA,NA,NA,NA,NA,NA,NA,NA,NA,76,41,-30,NA,"benthic macro-invertivore","carnivore","Non-targeted",NA,"1","cm","g"
"Myliobatis californica","batray","Myliobatidae","Myliobatiformes","Elasmobranchii",1,10,"BAT",NA,0.0203604787143696,2.9433,"g","mm","DW","Williams et al. 2013",NA,NA,NA,NA,NA,NA,NA,NA,NA,158.7,0.0955,-2.059,199.1,0.059,-2.86,"DW","Martin and Cailliet 1988","DW cm",NA,NA,NA,NA,NA,NA,NA,NA,NA,NA,NA,NA,NA,NA,NA,NA,12,"substrate associated crushers","MYLCAL",39008,"BRAY","BRAY","Myliobatis californica",NA,NA,NA,"BRAY","BAT","Myliobatis californica","bat ray","RAY","RAY","Myliobatidae","Rays","Myliobatus californica",180,44,23,NA,"benthic macro-invertivore","carnivore","Non-targeted",NA,"0","cm","g"
"Cymatogaster aggregata","shiner perch","Embiotocidae","Perciformes","Actinopterygii",1,5,"C_AGGR",NA,0.0245563228729289,3.0721,"g","mm","SL","Williams et al. 2013",NA,1.2398,0.18277,"REVERSE","Williams et al. 2013","TL= 1.2398 *SL + 1.8277",12.87,0.63,-0.45,NA,NA,NA,NA,NA,NA,"SL","Eckmayer 1979","SL cm (k@0.063 unrealistic- changed to 0.63",1.2398,0.18277,"REVERSE","Williams et al. 2013","TL= 1.2398 *SL + 1.8277","NS",NA,NA,NA,NA,"#Embryos=1.131 + 0.313wt(g)","# embryos","Wilson 1960",1,"TL","Implemented manually in R Code (no size at maturity used assume 5cm fish are mature since 1yr olds are mature according to this reference)",8,"substrate associated  water column foragers  benthic foragers  schooling  often benthic refuging  diurnal  pickers","CYMAGG",39992,"CAGG","CAGG","Cymatogaster aggregata",NA,NA,NA,"CAGG","C_AGGR","Cymatogaster aggregata","shiner surfperch","SURFPERCH","SURFPERCH","Embiotocidae",NA,NA,20.3,56,30,NA,"benthic micro-invertivore","carnivore","Non-targeted",NA,"1","cm","g"
"Citharichthys sp.","sanddab","Paralichthyidae","Pleuronectiformes","Actinopterygii",1,10,"SANDAB",NA,0.00552,3.232454,"g","cm","TL","used Citharichthys sordidus",NA,NA,NA,NA,NA,NA,30,0.3,-2.43,NA,NA,NA,NA,NA,NA,"TL","used Citharichthys sordidus",NA,NA,NA,NA,NA,NA,NA,NA,NA,NA,NA,NA,NA,NA,NA,NA,NA,NA,NA,NA,33801,"CITH","CITH",NA,NA,NA,NA,NA,"SANDAB","Citharichthys spp.","unidentified sanddab","FLATFISH","FLATFISH","Paralichthyidae","Flatfishes","Citharichthys sp",NA,NA,NA,NA,"benthic micro-invertivore","carnivore","Targeted",NA,"1","cm","g"
"Clinidae","kelp blennies","Clinidae","Perciformes","Actinopterygii",1,10,"KELPF",NA,0.00827258498452398,3.2364,"g","mm","SL","used Gibbonsia elegans",NA,1.1532,-0.03716,"REVERSE","used Gibbonsia elegans","TL= 1.1532 *SL + -0.3716",NA,NA,NA,156.5,0.054,-1.1,32.3,0.57,-0.35,"TL","used Heterostichus rostratus (Stepien 1986)","(both sexes extreme in a different way - try to find alternative if possible",NA,NA,NA,"used Gibbonsia elegans","(SL = aTL+b)cm",NA,NA,NA,NA,NA,NA,NA,NA,NA,NA,NA,20,NA,NA,37500,"CLIN","CLIN","Clinidae",NA,NA,NA,"CLIN","KELPF","Clinidae","unidentified kelpfish","KELPFISH","KELPFISH","Clinidae",NA,"Clinidae sp",NA,NA,NA,NA,"benthic micro-invertivore","carnivore","Non-targeted",NA,"1","cm","g"
"Cottidae","sculpins","Cottidae","Scorpaeniformes","Actinopterygii",1,10,"SCULPN",NA,0.0243719727041929,2.8831,"g","mm","SL","used Artedius corallinus",NA,1.18849536486808,-0.10798,"TYPICAL","used Artedius corallinus","(SL = aTL+b)cm",NA,NA,NA,61.5,0.17,-1.19,41.5,0.45,-1.22,"TL","used Scorpaenichthys marmoratus",NA,NA,NA,NA,"Used Artedius corallinus","(SL = aTL+b)cm",NA,NA,NA,NA,NA,NA,NA,NA,NA,NA,NA,19,NA,NA,36000,"COTT","COTT","Cottidae",NA,NA,NA,"COTT","SCULPN","Cottidae","unidentified sculpin","SCULPIN","SCULPIN","Cottidae","Other fishes","Cottidae sp",NA,NA,NA,NA,"benthic micro-invertivore","carnivore","Non-targeted",NA,"1","cm","g"
"Caulolatilus princeps","ocean whitefish","Malacanthidae","Perciformes","Actinopterygii",1,10,"C_PRIN",NA,0.00504514419861019,3.22,"g","mm","TL","RecFIN",NA,NA,NA,NA,NA,NA,77.874,0.23,-0.02,NA,NA,NA,NA,NA,NA,"TL","Cooksey 1980","TL cm",NA,NA,NA,NA,NA,NA,NA,NA,NA,NA,NA,NA,NA,NA,NA,NA,9,"substrate associated  non-schooling  diurnal  engulfers","CAUPRI",39005,"CPRI","CPRI","Caulolatilus princeps",NA,NA,NA,"CAPR","C_PRIN","Caulolatilus princeps","ocean whitefish",NA,NA,"Malacanthidae",NA,NA,102,50,-10,NA,"benthic micro-invertivore","carnivore","Targeted",NA,"1","cm","g"
"Chromis punctipinnis","blacksmith","Pomacentridae","Perciformes","Actinopterygii",1,10,"BSMITH",NA,0.0280189773403576,3.0177,"g","mm","SL","Williams et al. 2013",NA,1.27,0,"REVERSE","FishBase","TL=1.27SL",21.79,0.35,-1.648,NA,NA,NA,NA,NA,NA,"SL","Used Embiotoca jacksoni",NA,1.146,0,"REVERSE","FishBase",NA,"NO",NA,NA,NA,NA,NA,NA,NA,NA,NA,NA,5,"substrate associated  water column foragers  selective feeding  usually benthic refugers  diurnal","CHRPUN",15500,"CPUN","CPUN","Chromis punctipinnis","blacksmith",14001,"Chromis punctipinnis Adult","CPUN","BSMITH","Chromis punctipinnis","blacksmith","DAMSELFISH","DAMSELFISH","Pomacentridae",NA,NA,25,36,27,NA,"planktivore","planktivore","Non-targeted",NA,"1","cm","g"
"Cheilotrema saturnum","black croaker","Sciaenidae","Perciformes","Actinopterygii",1,10,NA,NA,0.0310455082383994,2.9088,"g","mm","SL","Williams et al. 2013",NA,1.1944,0.13972,"REVERSE","Williams et al. 2013","TL= 1.1944 *SL + 1.3972",237.7,0.31,-1.78,NA,NA,NA,NA,NA,NA,NA,"Miller et al 2008 (CalCOFI)","cm SL",1.1944,0.13972,"REVERSE","Williams et al. 2013","TL= 1.1944 *SL + 1.3972",NA,NA,NA,NA,NA,NA,NA,NA,NA,NA,NA,14,"substrate associated  nocturnal generalists","CHESAT",15200,"CSAT","CSAT","Cheilotrema saturnum",NA,NA,NA,NA,NA,NA,NA,NA,NA,NA,NA,NA,45,34,24,NA,"benthic micro-invertivore","carnivore","Targeted",NA,"1","cm","g"
"Citharichthys sordidus","Pacific sanddab","Paralichthyidae","Pleuronectiformes","Actinopterygii",1,10,"C_SORD",NA,0.00552,3.232454,"g","cm","TL","Love and Nishimoto unpublished data",NA,NA,NA,NA,NA,NA,30,0.3,-2.43,NA,NA,NA,NA,NA,NA,"TL","Beverton and Holt 1959","TL cm",NA,NA,NA,NA,NA,NA,NA,NA,NA,NA,NA,NA,NA,NA,NA,NA,NA,NA,"CITSOR",NA,"CSOR","CSOR",NA,NA,NA,NA,NA,"C_SORD","Citharichthys sordidus","Pacific sanddab","FLATFISH","FLATFISH","Paralichthyidae","Flatfishes",NA,41,60,23,NA,"benthic micro-invertivore","carnivore","Targeted",NA,"1","cm","g"
"Citharichthys stigmaeus","speckled sanddab","Paralichthyidae","Pleuronectiformes","Actinopterygii",1,10,"C_STIG",NA,0.0131900062522084,3.1996,"g","mm","SL","Williams et al. 2013",NA,1.1699,0.0648,"REVERSE","Williams et al. 2013","TL= 1.1699 *SL + 0.648",30,0.3,-2.43,NA,NA,NA,NA,NA,NA,"TL","used Citharichthys sordidus",NA,1.1699,0.0648,"REVERSE","Williams et al. 2013","TL= 1.1699 *SL + 0.648",NA,NA,NA,NA,NA,NA,NA,NA,NA,NA,NA,17,NA,"CITSTI",13801,"CSTI","CSTI",NA,NA,NA,NA,"CSTI","C_STIG","Citharichthys stigmaeus","speckled sanddab","FLATFISH","FLATFISH","Paralichthyidae","Flatfishes",NA,17,60,23,NA,"benthic micro-invertivore","carnivore","Targeted",NA,"1","cm","g"
"Cephaloscyllium ventriosum","swell shark","Scyliorhinidae","Carcharhiniformes","Elasmobranchii",1,10,"C_VENT",NA,0.00402458639479838,3.1276,"g","mm","TL","Williams et al. 2013",NA,NA,NA,NA,NA,NA,154.4,0.168,-1.271,NA,NA,NA,NA,NA,NA,"TL","used Mustelus californicus",NA,NA,NA,NA,NA,NA,NA,NA,NA,NA,NA,NA,NA,NA,NA,NA,NA,10,"substrate associated  nocturnal","CEPVEN",39014,"CVEN","CVEN","Cephaloscyllium ventriosum",NA,NA,NA,"CVEN","C_VENT","Cephaloscyllium ventrosum","swell shark","SHARK","SHARK","Scyliorhinidae","Sharks",NA,100,36,-30,NA,"piscivore","piscivore","Non-targeted",NA,"?","cm","g"
"Cebidichthys violaceus","monkeyface prickleback","Stichaeidae","Perciformes","Actinopterygii",1,10,NA,NA,0.01289,2.9,"g","cm","SL","Marshall and Escheverria 1992",NA,1.0989010989011,0,"TYPICAL","used Chirolophis japonicus (FishBase)",NA,72,0.1,-1.89,NA,NA,NA,NA,NA,NA,NA,"Marshall and Echeverria 1992","cm SL",NA,NA,NA,"used Chirolophis japonicus (FishBase)",NA,NA,NA,NA,NA,NA,NA,NA,NA,NA,NA,NA,NA,NA,"CEBVIO",NA,"CVIO",NA,NA,NA,NA,NA,NA,NA,NA,NA,NA,NA,NA,NA,NA,76,41,30,NA,"herbivore","herbivore","Targeted",NA,"1","cm","g"
"Embiotoca jacksoni","black surfperch","Embiotocidae","Perciformes","Actinopterygii",1,10,"E_JACK",NA,0.0168845693030748,3.3244,"g","mm","SL","Miller et al. 2008",NA,1.25156445556946,-0.407,"TYPICAL","RecFIN","(SL = aTL+b)cm",21.79,0.35,-1.648,NA,NA,NA,NA,NA,NA,"SL","Froeschke et al. 2007","SL cm",1.146,0,"REVERSE","RecFIN","(SL = aTL+b)cm","NS",NA,NA,NA,NA,"annual embryo production",NA,"Like Claisse 2012 - need to add origional refs since this species didn't make it to that paper",19,"TL","(Female L50 -??)",11,"substrate associated  benthic foragers  schooling/nonscholloing  diurnal generalists","EMBJAC",39993,"EJAC","EJAC","Embiotoca jacksoni","black perch",14015,"Embiotoca jacksoni Adult","EJAC","E_JACK","Embiotoca jacksoni","black surfperch","SURFPERCH","SURFPERCH","Embiotocidae","Sea perches",NA,39,39,26,NA,"benthic micro-invertivore","carnivore","Non-targeted",NA,"1","cm","g"
"Embiotoca lateralis","striped seaperch","Embiotocidae","Perciformes","Actinopterygii",1,10,"E_LATE",NA,0.0157587120811236,3.01,"g","mm","TL","RecFIN",NA,NA,NA,NA,NA,NA,21.79,0.35,-1.648,NA,NA,NA,NA,NA,NA,"SL","Used Embiotoca jacksoni",NA,1.146,0,"REVERSE","FishBase",NA,NA,NA,NA,NA,NA,NA,NA,NA,NA,NA,NA,11,NA,"EMBLAT",20012,"ELAT","ELAT","Embiotoca lateralis","striped seaperch",14017,"Embiotoca lateralis Adult","ELAT","E_LATE","Embiotoca lateralis","striped surfperch","SURFPERCH","SURFPERCH","Embiotocidae","Sea perches",NA,38,56,31,NA,"benthic micro-invertivore","carnivore","Non-targeted",NA,"1","cm","g"
"Embiotocidae","surfperches","Embiotocidae","Perciformes","Actinopterygii",1,10,"SURF_P",NA,0.0168845693030748,3.3244,"g","mm","SL","used Embiotoca jacksoni",NA,1.25156445556946,-0.407,"TYPICAL","RecFIN","(SL = aTL+b)cm",21.79,0.35,-1.648,NA,NA,NA,NA,NA,NA,"SL","Used Embiotoca jacksoni",NA,1.146,0,"REVERSE","RecFIN","(SL = aTL+b)cm",NA,NA,NA,NA,NA,NA,NA,NA,NA,NA,NA,11,NA,NA,39990,"EMBI","EMBI",NA,NA,NA,NA,"EMBI","SURF_P","Embiotocidae","unidentified surfperch","SURFPERCH","SURFPERCH","Embiotocidae","Sea perches",NA,NA,NA,NA,NA,"planktivore","carnivore","Non-targeted",NA,"1","cm","g"
"Engraulis mordax","northern anchovy","Engraulidae","Clupeiformes","Actinopterygii",0,10,"E_MORD",NA,0.00539744253229424,2.984,"g","mm","TL","RecFIN",NA,NA,NA,NA,NA,NA,16.55,0.299,-1.71,NA,NA,NA,NA,NA,NA,"SL","Spratt 1975","SL cm",1.158,0,"REVERSE","FishBase",NA,NA,NA,NA,NA,NA,NA,NA,NA,NA,NA,NA,1,NA,"ENGMOR",11102,"EMOR","EMOR","Engraulis mordax",NA,NA,NA,NA,"E_MORD","Engraulis mordax","northern anchovy","ANCHOVY","ANCHOVY","Engraulidae","Pelagic",NA,24.8,53,23,NA,"planktivore","carnivore","Targeted",NA,"1","cm","g"
"Sebastes chrysomelas/S. carnatus(YOY)","black-and-yellow/gopher rockfish (YOY)","Sebastidae","Scorpaeniformes","Actinopterygii",1,10,NA,NA,0.0145618992739728,3.114,"g","mm","TL","used Sebastes chrysomelas",NA,NA,NA,NA,NA,NA,NA,NA,NA,NA,NA,NA,NA,NA,NA,NA,NA,NA,NA,NA,NA,NA,NA,NA,NA,NA,NA,NA,NA,NA,NA,NA,NA,NA,NA,NA,NA,NA,"GBY","GBY",NA,NA,NA,NA,NA,NA,NA,NA,NA,NA,NA,NA,NA,NA,NA,NA,10,"planktivore","carnivore","Non-targeted",NA,"1","cm","g"
"Galeorhinus galeus","tope shark","Triakidae","Carcharhiniformes","Elasmobranchii",1,10,NA,NA,0.00659902231547971,2.9285,"g","mm","TL","Williams et al. 2013",NA,NA,NA,NA,NA,NA,182.9,0.124,-1.29,NA,NA,NA,NA,NA,NA,"TL","Moulton 1992",NA,NA,NA,NA,NA,NA,NA,NA,NA,NA,NA,NA,NA,NA,NA,NA,NA,23,NA,"GALGAL",99115,"GGAL","GGAL","Galeorhinus galeus",NA,NA,NA,NA,NA,NA,NA,NA,NA,NA,NA,NA,193,26,55,NA,"piscivore","piscivore","Non-targeted",NA,"0","cm","g"
"Gibbonsia sp.","kelp blennies","Clinidae","Perciformes","Actinopterygii",1,5,NA,NA,0.00827258498452398,3.2364,"g","mm","SL","used Gibbonsia elegans",NA,1.1532,-0.03716,"REVERSE","used Gibbonsia elegans","TL= 1.1532 *SL + -0.3716",NA,NA,NA,NA,NA,NA,NA,NA,NA,NA,NA,NA,NA,NA,NA,"used Gibbonsia elegans","(SL = aTL+b)cm",NA,NA,NA,NA,NA,NA,NA,NA,NA,NA,NA,20,NA,NA,37503,"GIBB","GIBB",NA,NA,NA,NA,"GMON",NA,NA,NA,NA,NA,NA,NA,"Gibbonsia sp",NA,NA,NA,NA,"benthic micro-invertivore","carnivore","Non-targeted",NA,"1","cm","g"
"Gymnothorax mordax","California moray","Muraenidae","Anguilliformes","Actinopterygii",1,10,NA,NA,0.00299680181231142,3.42744,"g","mm","SL","Quast 1968",NA,1.01729399796541,0,"TYPICAL","FishBase","SL=0.983TL",NA,NA,NA,NA,NA,NA,NA,NA,NA,NA,NA,NA,NA,NA,NA,"FishBase","SL=0.983TL",NA,NA,NA,NA,NA,NA,NA,NA,NA,NA,NA,10,"substrate associated  nocturnal","GYMMOR",99019,"GMOR","GMOR","Gymnothorax mordax",NA,NA,NA,NA,NA,NA,NA,NA,NA,NA,NA,NA,152,34,25,NA,"piscivore","piscivore","Non-targeted",NA,"1","cm","g"
"Girella nigricans","opaleye","Kyphosidae","Perciformes","Actinopterygii",1,10,"OPALEY",NA,0.0162393260745809,3.0492,"g","mm","TL","Love unpublished data",NA,NA,NA,NA,NA,NA,28.4,0.41,-0.54,NA,NA,NA,NA,NA,NA,"SL","Bredvik et al. 2012","SL cm",0.852,0,"TYPICAL","FishBase",NA,"NO",NA,NA,NA,NA,NA,NA,NA,NA,NA,NA,13,"substrate associated herbivores","GIRNIG",15800,"GNIG","GNIG","Girella nigricans","Opaleye",14023,"Girella nigricans Adult","GNIG","OPALEY","Girella nigricans","opaleye","CHUBS","CHUBS","Kyphosidae",NA,NA,66,37,22,NA,"herbivore","herbivore","Non-targeted",NA,"1","cm","g"
"Gobiidae","gobies","Gobiidae","Perciformes","Actinopterygii",1,1.5,NA,NA,0.00452012014279281,3.15,"g","mm","TL","used Lepidogobius lepidus (RecFIN)",NA,NA,NA,NA,NA,NA,NA,NA,NA,NA,NA,NA,NA,NA,NA,NA,NA,NA,NA,NA,NA,NA,NA,NA,NA,NA,NA,NA,NA,NA,NA,NA,NA,NA,19,"substrate associated  hiders (in holes and crevices)  diurnal",NA,36900,"GOBI","GOBI","Gobiidae",NA,NA,NA,NA,NA,NA,NA,NA,NA,NA,NA,"Gobiidae sp",NA,NA,NA,NA,"benthic micro-invertivore","carnivore","Non-targeted",NA,"1","cm","g"
"Hyperprosopon anale","spotfin surfperch","Embiotocidae","Perciformes","Actinopterygii",1,5,"H_ANALE",NA,0.00185545317153409,3.717,"g","mm","TL","RecFIN",NA,NA,NA,NA,NA,NA,12.8,0.6,-1.99,NA,NA,NA,NA,NA,NA,"TL","Erzini 1994","(NG cm) Assume NG=TL",NA,NA,NA,NA,NA,NA,NA,NA,NA,NA,NA,NA,NA,NA,NA,NA,3,NA,"HYPANA",NA,"HANA","HANA","Hyperprosopon anale",NA,NA,NA,NA,"H_ANALE","Hyperprosopon anale","spotfin surfperch","SURFPERCH","SURFPERCH","Embiotocidae",NA,NA,20,44,29,NA,"benthic micro-invertivore","carnivore","Non-targeted",NA,"1","cm","g"
"Hyperprosopon argenteum","walleye surfperch","Embiotocidae","Perciformes","Actinopterygii",1,5,"H_ARGE",NA,0.0169628960226008,3.2295,"g","mm","SL","Miller et al. 2008",NA,1.179,0,"REVERSE","FishBase","TL=1.179SL",17.37,0.538,-0.257,NA,NA,NA,NA,NA,NA,"SL","Eckmayer 1979","SL cm",1.179,0,"REVERSE","FishBase","TL=1.179SL",NA,NA,NA,NA,NA,NA,NA,NA,NA,NA,NA,3,"water column  nocturnal","HYPARG",39994,"HARG","HARG","Hyperprosopon argenteum",NA,NA,NA,"HARG","H_ARGE","Hyperprosopon argenteum","walleye surfperch","SURFPERCH","SURFPERCH","Embiotocidae",NA,NA,30,NA,NA,NA,"benthic micro-invertivore","carnivore","Non-targeted",NA,"1","cm","g"
"Hermosilla azurea","zebraperch","Kyphosidae","Perciformes","Actinopterygii",1,10,"H_AZUR",NA,0.0182980517423045,3.2055,"g","mm","SL","Williams et al. 2013",NA,1.145,0,"REVERSE","FishBase","TL = 1.145*SL",21.79,0.35,-1.648,NA,NA,NA,NA,NA,NA,"SL","Used Embiotoca jacksoni",NA,1.146,0,"REVERSE","FishBase",NA,NA,NA,NA,NA,NA,NA,NA,NA,NA,NA,NA,13,"substrate associated herbivores","HERAZU",35801,"HAZU","HAZU","Hermosilla azurea",NA,NA,NA,NA,"H_AZUR","Hermosilla azurea","zebraperch","CHUBS","CHUBS","Kyphosidae",NA,NA,45,36,23,NA,"herbivore","herbivore","Non-targeted",NA,"1","cm","g"
"Hypsurus caryi","rainbow seaperch","Embiotocidae","Perciformes","Actinopterygii",1,10,"H_CARY",NA,0.0224920994793385,3.051,"g","mm","SL","Miller et al. 2008",NA,1.222,0,"REVERSE","FishBase","TL=1.222SL",21.79,0.35,-1.648,NA,NA,NA,NA,NA,NA,"SL","Used Embiotoca jacksoni",NA,1.146,0,"REVERSE","FishBase","TL=1.222SL",NA,NA,NA,NA,NA,NA,NA,NA,NA,NA,NA,11,"substrate associated  benthic foragers  schooling/nonscholloing  diurnal generalists","HYPCAR",39995,"HCAR","HCAR","Hypsurus caryi","rainbow seaperch",NA,NA,"HCAR","H_CARY","Hypsurus caryi","rainbow surfperch","SURFPERCH","SURFPERCH","Embiotocidae",NA,NA,30,40,31,NA,"benthic micro-invertivore","carnivore","Non-targeted",NA,"1","cm","g"
"Hexagrammos decagrammus","kelp greenling","Hexagrammidae","Scorpaeniformes","Actinopterygii",1,10,"H_DECA",NA,0.0059217490353178,3.221,"g","mm","TL","Moulton et al. 1977",NA,NA,NA,NA,NA,NA,NA,NA,NA,43,0.2,-2.5,39.5,0.3,-1.4,"FL","Cope and MacCall 2005","FL cm",0.985,0,"TYPICAL","FishBase",NA,NA,NA,NA,NA,NA,NA,NA,NA,NA,NA,NA,17,"substrate associated  substrate sitters  microcarnivores  diurnal","HEXDEC",39007,"HDEC","HDEC","Hexagrammos decagrammus","kelp greenling",NA,NA,"HDEC","H_DECA","Hexagrammos decagrammus","kelp greenling","GREENLING","GREENLING","Hexagrammidae","Other fishes",NA,61,NA,NA,12,"benthic macro-invertivore","carnivore","Targeted",NA,"1","cm","g"
"Hyperprosopon ellipticum","silver surfperch","Embiotocidae","Perciformes","Actinopterygii",1,5,NA,NA,0.00792679921932708,3.227,"g","mm","TL","Wydoski and Bennett 1973",NA,NA,NA,NA,NA,NA,NA,NA,NA,NA,NA,NA,NA,NA,NA,NA,NA,NA,NA,NA,NA,NA,NA,NA,NA,NA,NA,NA,NA,NA,NA,NA,NA,NA,NA,NA,NA,NA,"HELL","HELL",NA,NA,NA,NA,NA,NA,NA,NA,NA,NA,NA,NA,NA,27,50,29,NA,"benthic micro-invertivore","carnivore","Non-targeted",NA,"1","cm","g"
"Heterodontus francisci","horn shark","Heterodontidae","Heterodontiformes","Elasmobranchii",1,10,NA,NA,0.0103509928192927,2.9431,"g","mm","TL","Williams et al. 2013",NA,NA,NA,NA,NA,NA,1337,0.059,5.294,NA,NA,NA,NA,NA,NA,NA,"Used H. portusjacksoni (Tovar-<U+008D>vila et al. 2009)","TL cm",NA,NA,NA,NA,NA,NA,NA,NA,NA,NA,NA,NA,NA,NA,NA,NA,12,"substrate associated crushers","HETFRA",39006,"HFRA","HFRA","Heterodontus francisci","horn shark",NA,NA,NA,NA,NA,NA,NA,NA,NA,NA,"Heterodontis fransisci",122,NA,NA,NA,"benthic macro-invertivore","carnivore","Non-targeted",NA,"1","cm","g"
"Heterostichus rostratus","giant kelpfish","Clinidae","Perciformes","Actinopterygii",1,10,"GKELPF",NA,0.0058450806346579,3.168,"g","mm","SL","Williams et al. 2013",NA,1.132,0.12311,"REVERSE","Williams et al. 2013","TL= 1.132 *SL + 1.2311",NA,NA,NA,156.5,0.054,-1.1,32.3,0.57,-0.35,"TL","used Heterostichus rostratus (Stepien 1986)","(both sexes extreme in a different way - try to find alternative if possible",1.132,0.12311,"REVERSE","Williams et al. 2013","TL= 1.132 *SL + 1.2311",NA,NA,NA,NA,NA,NA,NA,NA,NA,NA,NA,9,"substrate associated  non-schooling  diurnal  engulfers","HETROS",17504,"HROS","HROS","Heterostichus rostratus",NA,NA,NA,"HROS","GKELPF","Heterostichus rostratus","giant kelpfish","KELPFISH","KELPFISH","Clinidae",NA,NA,61,53,22,NA,"benthic macro-invertivore","carnivore","Non-targeted",NA,"1","cm","g"
"Hypsypops rubicundus","garibaldi","Pomacentridae","Perciformes","Actinopterygii",1,10,"H_RUBI",NA,0.0394855667049425,3.1093,"g","mm","SL","Williams et al. 2013",NA,1.213,0,"REVERSE","FishBase","TL=1.213SL",21.79,0.35,-1.648,NA,NA,NA,NA,NA,NA,"SL","Used Embiotoca jacksoni",NA,1.146,0,"REVERSE","FishBase","TL=1.213SL","NS",NA,NA,NA,NA,"35eggs/g in each batch for fish over 21.7cm TL","# eggs","Demartini 1994",21.7,"TL","Size at first repro 21.7 cm (Clarke 1970)",11,"substrate associated  benthic foragers  schooling/nonscholloing  diurnal generalists","HYPRUB",15501,"HRUB","HRUB","Hypsypops rubicundus","Garibaldi",14021,"Hypsypops rubicundus Adult","HRUB","H_RUBI","Hypsypops rubicundus","garibaldi","DAMSELFISH","DAMSELFISH","Pomacentridae",NA,NA,30,36,24,NA,"benthic micro-invertivore","carnivore","Non-targeted",NA,"1","cm","g"
"Halichoeres semicinctus","rock wrasse","Labridae","Perciformes","Actinopterygii",1,10,"H_SEMI",NA,0.00650447896835668,3.16,"g","mm","TL","RecFIN",NA,NA,NA,NA,NA,NA,21.31,0.52,-2.09,NA,NA,NA,NA,NA,NA,"SL","Adreani 2003","SL cm",0.85,0,"TYPICAL","FishBase",NA,NA,NA,NA,NA,NA,NA,NA,NA,NA,NA,NA,NA,NA,"HALSEM",15702,"HSEM","HSEM","Halichoeres semicinctus","rock wrasse",14028,"Halichoeres semicinctus Male","HSEM","H_SEMI","Halichoeres semicinctus","rock wrasse","wrasse","wrasse","Labridae",NA,NA,38,34,23,NA,"benthic micro-invertivore","carnivore","Non-targeted",NA,"1","cm","g"
"S. atrovirens/carnatus/chrysomelas(YOY)","kelp/gopher/black-and-yellow rockfish (YOY)","Scorpaenidae","Scorpaeniformes","Actinopterygii",1,10,NA,NA,0.0239,2.862,"g","cm","TL","used Sebastes atrovirens",NA,NA,NA,NA,NA,NA,NA,NA,NA,NA,NA,NA,NA,NA,NA,NA,NA,NA,NA,NA,NA,NA,NA,NA,NA,NA,NA,NA,NA,NA,NA,NA,NA,NA,18,NA,NA,NA,"KGB","KGB","S. atrovirens/carnatus/chrysomelas(YOY)",NA,NA,NA,NA,NA,NA,NA,NA,NA,NA,NA,NA,NA,NA,NA,NA,"planktivore","carnivore","Non-targeted",NA,"1","cm","g"
"Lethops connectens","halfblind goby","Gobiidae","Perciformes","Actinopterygii",1,1.5,NA,NA,0.0115201900494993,3.2635,"g","mm","SL","used Rhinogobiops nicholsii",NA,1.19688809096349,-0.0725,"TYPICAL",NA,"(SL = aTL+b)cm",NA,NA,NA,NA,NA,NA,NA,NA,NA,NA,NA,NA,NA,NA,NA,NA,"(SL = aTL+b)cm",NA,NA,NA,NA,NA,NA,NA,NA,NA,NA,NA,19,NA,"LETCON",99100,"LCON","LCON","Lethops connectens",NA,NA,NA,NA,NA,NA,NA,NA,NA,NA,NA,NA,6.4,36,31,NA,"benthic micro-invertivore","carnivore","Non-targeted",NA,"1","cm","g"
"Lythrypnus dalli","bluebanded goby","Gobiidae","Perciformes","Actinopterygii",1,1.5,"L_DALL",NA,0.009051,3.101332,"g","cm","TL","Love unpublished data",NA,NA,NA,NA,NA,NA,NA,NA,NA,156.5,0.054,-1.1,32.3,0.57,-0.35,"TL","used Heterostichus rostratus (Stepien 1986)","(both sexes extreme in a different way - try to find alternative if possible",NA,NA,NA,NA,NA,NA,NA,NA,NA,NA,NA,NA,NA,NA,NA,NA,19,"substrate associated  hiders (in holes and crevices)  diurnal","LYTDAL",16903,"LDAL","LDAL","Lythrypnus dalli",NA,14025,"Lythrypnus dalli",NA,"L_DALL","Lythrypnus dalli","bluebanded goby","GOBY","GOBY","Gobiidae",NA,"Lythrypnus dalii",6.4,36,23,NA,"planktivore","planktivore","Non-targeted",NA,"1","cm","g"
"Leiocottus hirundo","lavender sculpin","Cottidae","Scorpaeniformes","Actinopterygii",1,10,NA,NA,0.0284369508031293,2.9,"g","mm","TL","RecFIN",NA,NA,NA,NA,NA,NA,NA,NA,NA,NA,NA,NA,NA,NA,NA,NA,NA,NA,NA,NA,NA,NA,NA,NA,NA,NA,NA,NA,NA,NA,NA,NA,NA,NA,22,"substrate associated  diggers and extractors","LEIHIR",36002,"LHIR","LHIR","Leiocottus hirundo",NA,NA,NA,"LHIR",NA,NA,NA,NA,NA,NA,NA,NA,25,NA,NA,NA,"benthic micro-invertivore","carnivore","Non-targeted",NA,"1","cm","g"
"Liparis mucosus","slimy snailfish","Liparidae","Scorpaeniformes","Actinopterygii",1,1.5,NA,NA,0.010038993169829,3.09,"g","mm","SL","used Careproctus melanurus",NA,1.126,0,"REVERSE","used Careproctus melanurus","TL=1.126SL",NA,NA,NA,NA,NA,NA,NA,NA,NA,NA,NA,NA,NA,NA,NA,NA,NA,NA,NA,NA,NA,NA,NA,NA,NA,NA,NA,NA,NA,NA,"LIPMUC",39019,"LMUC","LMUC",NA,NA,NA,NA,NA,NA,NA,NA,NA,NA,NA,NA,NA,13,50,29,NA,"benthic micro-invertivore","carnivore","Non-targeted",NA,"1","cm","g"
"Lythrypnus zebra","zebra goby","Gobiidae","Perciformes","Actinopterygii",1,1.5,NA,NA,0.009051,3.101332,"g","cm","TL","used Lythrypnus dalli",NA,NA,NA,NA,NA,NA,NA,NA,NA,NA,NA,NA,NA,NA,NA,NA,NA,NA,NA,NA,NA,NA,NA,NA,NA,NA,NA,NA,NA,NA,NA,NA,NA,NA,19,NA,"LYTZEB",16904,"LZEB",NA,"Lythrypnus zebra",NA,NA,NA,NA,NA,NA,NA,NA,NA,NA,NA,NA,5.7,NA,NA,NA,"planktivore","planktivore","Non-targeted",NA,"1","cm","g"
"Medialuna californiensis","halfmoon","Kyphosidae","Perciformes","Actinopterygii",1,10,"HALFMN",NA,0.019562,2.962829,"g","cm","TL","Love unpublished data",NA,NA,NA,NA,NA,NA,28.4,0.7,-0.18,NA,NA,NA,NA,NA,NA,"SL","Bredvik et al. 2012","SL cm",0.92,0,"TYPICAL","FishBase",NA,"NO",NA,NA,NA,NA,NA,NA,NA,NA,NA,NA,13,"substrate associated herbivores","MEDCAL",19016,"MCAL","MCAL","Medialuna californiensis",NA,NA,NA,"MCAL","HALFMN","Medialuna californiensis","halfmoon","CHUBS","CHUBS","Kyphosidae",NA,NA,48,NA,NA,NA,"herbivore","herbivore","Non-targeted",NA,"1","cm","g"
"Micrometrus minimus","dwarf perch","Embiotocidae","Perciformes","Actinopterygii",1,5,"M_MINI",NA,0.0304574113618689,3.0198,"g","mm","SL","Williams et al. 2013",NA,1.1887,0.33526,"REVERSE","Williams et al. 2013","TL= 1.1887 *SL + 3.3526",12.87,0.63,-0.45,NA,NA,NA,NA,NA,NA,"SL","used Cymatogater aggregata",NA,1.1887,0.33526,"REVERSE","Williams et al. 2013","TL= 1.1887 *SL + 3.3526",NA,NA,NA,NA,NA,NA,NA,NA,NA,NA,NA,11,"substrate associated  benthic foragers  schooling/nonscholloing  diurnal generalists","MICMIN",39996,"MMIN",NA,"Micrometrus minimus",NA,NA,NA,NA,"M_MINI","Micrometrus minimus","dwarf surfperch","SURFPERCH","SURFPERCH","Embiotocidae",NA,NA,16,38,28,NA,"benthic micro-invertivore","carnivore","Targeted",NA,"1","cm","g"
"Notorynchus cepedianus","broadnose sevengill shark","Hexanchidae","Hexanchiformes","Elasmobranchii",1,10,NA,NA,0.00141319844683054,3.2152,"g","mm","TL","Williams et al. 2013",NA,NA,NA,NA,NA,NA,NA,NA,NA,NA,NA,NA,NA,NA,NA,NA,NA,NA,NA,NA,NA,NA,NA,NA,NA,NA,NA,NA,NA,NA,NA,NA,NA,NA,NA,NA,"NOTCEP",NA,NA,NA,NA,NA,NA,NA,NA,NA,NA,NA,NA,NA,NA,NA,NA,NA,NA,NA,NA,"piscivore","piscivore","Targeted",NA,"0","cm","g"
"Neoclinus blanchardi","sarcastic fringehead","Chaenopsidae","Perciformes","Actinopterygii",1,10,NA,NA,0.009,3.003,"g","cm","TL","Love unpublished- Love 2011",NA,NA,NA,NA,NA,NA,NA,NA,NA,NA,NA,NA,NA,NA,NA,NA,NA,NA,NA,NA,NA,NA,NA,NA,NA,NA,NA,NA,NA,NA,NA,NA,NA,NA,NA,NA,"NEOBLA",17506,"NBLA",NA,NA,NA,NA,NA,NA,NA,NA,NA,NA,NA,NA,NA,NA,30,37,28,NA,"benthic micro-invertivore","carnivore","Non-targeted",NA,"1","cm","g"
"No fish","no fish",NA,NA,NA,1,10,NA,NA,NA,NA,NA,NA,NA,NA,NA,NA,NA,NA,NA,NA,NA,NA,NA,NA,NA,NA,NA,NA,NA,NA,NA,NA,NA,NA,NA,NA,NA,NA,NA,NA,NA,NA,NA,NA,NA,NA,NA,NA,NA,NA,"NOFISH",90001,"NO_ORG","NO_ORG","No fish",NA,NA,NA,"NF",NA,NA,NA,NA,NA,NA,NA,"no species collected",NA,NA,NA,NA,NA,NA,NA,NA,"1",NA,NA
"Neoclinus stephensae","yellowfin fringehead","Chaenopsidae","Perciformes","Actinopterygii",1,10,NA,NA,0.0095,2.824,"g","cm","TL","Love unpublished- Love 2011",NA,NA,NA,NA,NA,NA,NA,NA,NA,NA,NA,NA,NA,NA,NA,NA,NA,NA,NA,NA,NA,NA,NA,NA,NA,NA,NA,NA,NA,NA,NA,NA,NA,NA,NA,NA,"NEOSTE",17507,"NSTE","NSTE",NA,NA,NA,NA,NA,NA,NA,NA,NA,NA,NA,NA,NA,10,36,27,NA,"benthic micro-invertivore","carnivore","Non-targeted",NA,"1","cm","g"
"Oxyjulis californica","senorita","Labridae","Perciformes","Actinopterygii",1,10,"SENOR",NA,0.00650447896835668,3.16,"g","mm","TL","RecFIN",NA,NA,NA,NA,NA,NA,21.31,0.52,-2.09,NA,NA,NA,NA,NA,NA,"SL","used Halichoeres semicinctus",NA,0.87,0,"TYPICAL","FishBase",NA,NA,NA,NA,NA,NA,NA,NA,NA,NA,NA,NA,8,"substrate associated  water column foragers  benthic foragers  schooling  often benthic refuging  diurnal  pickers","OXYCAL",15700,"OCAL","OCAL","Oxyjulis californica","Senorita",14003,"Oxyjulis californica Adult","OCAL","SENOR","Oxyjulis californica","senorita","WRASSE","WRASSE","Labridae","Other fishes",NA,25,38,28,NA,"planktivore","planktivore","Non-targeted",NA,"1","cm","g"
"Ophiodon elongatus","lingcod","Hexagrammidae","Scorpaeniformes","Actinopterygii",1,10,"LING",NA,1.13359517630874e-08,2.99,"kg","mm","TL","RecFIN",NA,NA,NA,NA,NA,NA,NA,NA,NA,112.8,0.145,-1.573,81.7,0.223,-1.435,"FL","Jagielo and Wallace 2005","FL cm",1,0,"REVERSE","FishBase",NA,"NS",NA,NA,NA,NA,"26 eggs/g body weight for females over 55.7cm FL","# eggs","Cass 1990",55.7,"FL","Female 50% maturity 55.7 cm FL (Silberberg 2001)",16,"substrate associated  water column/benthic forgaers  mesocarnivores","OPHELO",39013,"OELO","OELO","Ophiodon elongatus","Lingcod",NA,NA,"OELO","LING","Ophiodon elongatus","lingcod","GREENLING","GREENLING","Hexagrammidae","Other fishes",NA,152,57,29,22,"piscivore","piscivore","Targeted",NA,"1","cm","g"
"Oxylebius pictus","painted greenling","Hexagrammidae","Scorpaeniformes","Actinopterygii",1,10,"CONVCT",NA,0.0195093853919604,3.1084,"g","mm","SL","Williams et al. 2013",NA,1.16,0,"REVERSE","FishBase","TL=1.16SL",18.4,0.31968,-1.488,NA,NA,NA,NA,NA,NA,"TL","DeMartini and Anderson 1980","TL cm",NA,NA,NA,NA,NA,"NS",NA,NA,NA,NA,"F(eggs)=82+35.73*wt(g) for females over 14cm","# eggs","DeMartini 1980",14,"TL","Female Size at maturity 14cm (DeMartini 1980)",17,"substrate associated  substrate sitters  microcarnivores  diurnal","OXYPIC",16311,"OPIC","OPIC","Oxylebius pictus",NA,14030,"Oxylebius pictus","OPIC","CONVCT","Oxylebius pictus","painted greenling","GREENLING","GREENLING","Hexagrammidae","Other fishes",NA,25,54,29,NA,"benthic micro-invertivore","carnivore","Non-targeted",NA,"1","cm","g"
"Orthonopias triacis","snubnose sculpin","Cottidae","Scorpaeniformes","Actinopterygii",1,3,"OR_TRI",NA,0.0311170229385622,2.6479,"g","mm","SL","VRG unpublished data",NA,1.23747061007301,-0.00774,"TYPICAL","VRG unpublished data","(SL = aTL+b)cm",11.7,0.36,0,NA,NA,NA,NA,NA,NA,"TL","used Clinocottus analis",NA,NA,NA,NA,"VRG unpublished data","(SL = aTL+b)cm",NA,NA,NA,NA,NA,NA,NA,NA,NA,NA,NA,18,NA,"ORTTRI",36003,"OTRI","OTRI","Orthonopias triacis",NA,NA,NA,"OTRI","OR_TRI","Orthonopias triacis","snubnose sculpin","SCULPIN","SCULPIN","Cottidae",NA,NA,10,37,29,NA,"benthic micro-invertivore","carnivore","Non-targeted",NA,"1","cm","g"
"S. serranoides/mystinus(YOY)","olive/blue rockfish (YOY)","Scorpaenidae","Scorpaeniformes","Actinopterygii",1,10,NA,NA,0.00742912598521493,3.1541,"g","mm","TL","used Sebastes serranoides",NA,NA,NA,NA,NA,NA,NA,NA,NA,NA,NA,NA,NA,NA,NA,NA,NA,NA,NA,NA,NA,NA,NA,NA,NA,NA,NA,NA,NA,NA,NA,NA,NA,NA,NA,NA,NA,NA,"OYB","OYB",NA,"yellowtail rockfish & olive rockfish",NA,NA,NA,NA,NA,NA,NA,NA,NA,NA,NA,NA,NA,NA,NA,"planktivore","planktivore","Non-targeted",NA,"1","cm","g"
"S. serranoides/flavidus(YOY)","olive/yellowtail rockfish (YOY)","Scorpaenidae","Scorpaeniformes","Actinopterygii",1,10,NA,NA,0.00742912598521493,3.1541,"g","mm","TL","used Sebastes serranoides",NA,NA,NA,NA,NA,NA,NA,NA,NA,NA,NA,NA,NA,NA,NA,NA,NA,NA,NA,NA,NA,NA,NA,NA,NA,NA,NA,NA,NA,NA,NA,NA,NA,NA,5,NA,NA,NA,"OYT","SSER",NA,"yellowtail rockfish & olive rockfish",14008,"Sebastes serranoides Juvenile","SSER",NA,NA,NA,NA,NA,NA,NA,NA,NA,NA,NA,NA,"planktivore","planktivore","Non-targeted",NA,"1","cm","g"
"Paralichthys californicus","California halibut","Paralichthyidae","Pleuronectiformes","Actinopterygii",1,10,"P_CALI",NA,0.0208564400018964,2.9127,"g","mm","SL","Williams et al. 2013",NA,1.1582,0.82566,"REVERSE","Williams et al. 2013","TL= 1.1582 *SL + 8.2566",NA,NA,NA,136.7,0.08,-1.2,92.53,0.08,-2.2,"TL","MacNair et al. 2001","TL cm",1.1582,0.82566,"REVERSE","Williams et al. 2013","TL= 1.1582 *SL + 8.2566",NA,NA,NA,NA,NA,NA,NA,NA,NA,NA,NA,11,"substrate associated  benthic foragers  schooling/nonscholloing  diurnal generalists","PARCAL",13804,"PCAL","PCAL","Paralichthys californicus",NA,NA,NA,"PCAL","P_CALI","Paralichthys californicus","California halibut","FLATFISH","FLATFISH","Paralichthyidae","Flatfishes","Paralichthys californica",152,50,25,22,"piscivore","piscivore","Targeted",NA,"1","cm","g"
"Paralabrax clathratus","kelp bass","Serranidae","Perciformes","Actinopterygii",1,10,"P_CLATH",NA,0.021416390947047,3.0106,"g","mm","SL","Williams et al. 2013",NA,1.1946,0.13103,"REVERSE","Williams et al. 2013","TL= 1.1946 *SL + 1.3103",69.8,0.06,-3.5,NA,NA,NA,NA,NA,NA,"TL","Love et al. 1996","TL cm",1.1946,0.13103,"REVERSE","Williams et al. 2013","TL= 1.1946 *SL + 1.3103","NS",NA,NA,NA,NA,"annual egg production",NA,"Claisse 2012",23,"TL","(Female L50 -Love 1996)",16,"substrate associated  water column/benthic forgaers  mesocarnivores","PARCLA",14010,"PCLA","PCLA","Paralabrax clathratus","kelp bass",14011,"Paralabrax clathratus Adult","PCLA","P_CLATH","Paralabrax clathratus","kelp bass","GROUPER","GROUPER","Serranidae",NA,NA,72,46,24,14,"piscivore","piscivore","Targeted",NA,"1","cm","g"
"Pleuronichthys coenosus","C-O sole","Pleuronectidae","Pleuronectiformes","Actinopterygii",1,10,"P_COEN",NA,2.16050174772534e-09,3.5764,"kg","mm","TL","RecFIN",NA,NA,NA,NA,NA,NA,19.83,0.1,-0.31,NA,NA,NA,NA,NA,NA,"SL","used Hypsopsetta guttulata",NA,0.82,0,"TYPICAL","FishBase",NA,NA,NA,NA,NA,NA,NA,NA,NA,NA,NA,NA,9,"substrate associated  non-schooling  diurnal  engulfers","PLECOE",13818,"PCOE","PCOE","Pleuronichthys coenosus",NA,NA,NA,NA,"P_COEN","Pleuronichthys coenosus","C-O turbot","FLATFISH","FLATFISH","Pleuronectidae",NA,NA,36,57,31,NA,"benthic macro-invertivore","carnivore","Non-targeted",NA,"1","cm","g"
"Phanerodon furcatus","white seaperch","Embiotocidae","Perciformes","Actinopterygii",1,10,"P_FURC",NA,0.022595918293456,3.053,"g","mm","SL","Miller et al. 2008",NA,1.29600829445308,-0.122,"TYPICAL","Eckmayer 1979","SL=.771605TL-.122222 (cm)",20.2,0.425,-0.782,NA,NA,NA,NA,NA,NA,"SL","Eckmayer 1979","SL cm",0.7716,-0.122,"TYPICAL","Eckmayer 1979","SL=.771605TL-.122222 (cm)",NA,NA,NA,NA,NA,NA,NA,NA,NA,NA,NA,NA,NA,"PHAFUR",39997,"PFUR","PFUR","Phanerodon furcatus",NA,NA,NA,"PFUR","P_FURC","Phanerodon furcatus","white surfperch","SURFPERCH","SURFPERCH","Embiotocidae","Sea perches",NA,32,50,31,NA,"benthic micro-invertivore","carnivore","Non-targeted",NA,"1","cm","g"
"Pholidae","gunnels","Pholidae","Perciformes","Actinopterygii",1,10,"GUNNEL",NA,0.0043,3.018,"g","cm","TL","used Pholis gunnellus",NA,NA,NA,NA,NA,NA,23.3,0.18,-0.88,NA,NA,NA,NA,NA,NA,"TL","used Pholis gunnellus",NA,NA,NA,NA,NA,NA,NA,NA,NA,NA,NA,NA,NA,NA,NA,NA,NA,NA,NA,NA,39500,"PHOL","PHOL",NA,NA,NA,NA,NA,"GUNNEL","Pholidae","unidentified gunnels","GUNNEL","GUNNEL","Pholidae","Other fishes",NA,NA,NA,NA,NA,"benthic micro-invertivore","carnivore","Non-targeted",NA,"1","cm","g"
"Paralabrax nebulifer","barred sand bass","Serranidae","Perciformes","Actinopterygii",1,10,"P_NEBU",NA,0.0258879608262353,2.9522,"g","mm","SL","Williams et al. 2013",NA,1.1537,0.47728,"REVERSE","Williams et al. 2013","TL= 1.1537 *SL + 4.7728",66.2,0.08,-2.63,NA,NA,NA,NA,NA,NA,"TL","Love et al. 1996","TL cm",1.1537,0.47728,"REVERSE","Williams et al. 2013","TL= 1.1537 *SL + 4.7728",NA,NA,NA,NA,NA,NA,NA,NA,NA,NA,NA,9,NA,"PARNEB",14012,"PNEB","PNEB","Paralabrax nebulifer",NA,NA,NA,"PNEB","P_NEBU","Paralabrax nebulifer","barred sand bass","GROUPER","GROUPER","Serranidae",NA,NA,67,37,24,14,"benthic macro-invertivore","carnivore","Targeted",NA,"1","cm","g"
"Platyrhinoidis triseriata","thornback","Rhinobatidae","Rajiformes","Elasmobranchii",1,10,NA,NA,0.00664504673968855,2.9774,"g","mm","TL","Miller et al. 2008",NA,NA,NA,NA,NA,NA,NA,NA,NA,NA,NA,NA,NA,NA,NA,NA,NA,NA,NA,NA,NA,NA,NA,NA,NA,NA,NA,NA,NA,NA,NA,NA,NA,NA,NA,NA,"PLATRI",39009,"PTRI","PTRI","Platyrhinoidis triseriata",NA,NA,NA,"PTRY",NA,NA,NA,NA,NA,NA,NA,NA,91,NA,NA,NA,"benthic macro-invertivore","carnivore","Non-targeted",NA,"1","cm","g"
"Rathbunella alleni","stripefin ronquil","Bathymasteridae","Perciformes","Actinopterygii",1,10,"R_ALLE",NA,0.00315937262891459,3.442696,"g","mm","TL","used Rathbunella hypoplecta",NA,NA,NA,NA,NA,NA,62,0.14,-1.95,NA,NA,NA,NA,NA,NA,"TL","used Cebidichthys violaceus (Marshall 1992)",NA,NA,NA,NA,NA,NA,NA,NA,NA,NA,NA,NA,NA,NA,NA,NA,NA,NA,NA,"RATALL",99117,"RALL","RALL","Rathbunella alleni",NA,NA,NA,NA,"R_ALLE","Rathbunella alleni","stripefin ronquil","RONQUIL","RONQUIL","Bathymasteridae","Other fishes",NA,NA,NA,NA,NA,"benthic micro-invertivore","carnivore","Non-targeted",NA,"1","cm","g"
"Rathbunella hypoplecta","bluebanded ronquil","Bathymasteridae","Perciformes","Actinopterygii",1,10,"R_HYPO",NA,0.00315937262891459,3.442696,"g","mm","TL","Burge and Schultz 1973",NA,NA,NA,NA,NA,NA,62,0.14,-1.95,NA,NA,NA,NA,NA,NA,"TL","used Cebidichthys violaceus (Marshall 1992)",NA,NA,NA,NA,NA,NA,NA,NA,NA,NA,NA,NA,NA,NA,NA,NA,NA,20,"substrate associated  benthic foragers  pickers and scrapers  diurnal","RATHYP",39018,"RHYP","RHYP","Rathbunella hypoplecta",NA,NA,NA,NA,"R_HYPO","Rathbunella hypoplecta","bluebanded ronquil","RONQUIL","RONQUIL","Bathymasteridae","Other fishes","Rathbunella hypoplecta",16,50,31,NA,"benthic micro-invertivore","carnivore","Non-targeted",NA,"1","cm","g"
"Rhinogobiops nicholsii","blackeye goby","Gobiidae","Perciformes","Actinopterygii",1,6,"BGOBY",NA,0.0115201900494993,3.2635,"g","mm","SL","Williams et al. 2013",NA,1.230012300123,0,"TYPICAL","FishBase","SL=0.813*TL",11.7,0.36,0,NA,NA,NA,NA,NA,NA,"TL","used Clinocottus analis",NA,NA,NA,NA,NA,NA,NA,NA,NA,NA,NA,NA,NA,NA,NA,NA,NA,20,NA,"CORNIC",16900,"RNIC","CNIC","Rhinogobiops nicholsii",NA,14026,"Coryphopterus nicholsii","CNIC","BGOBY","Rhinogobiops nicholsii","blackeye goby","GOBY","GOBY","Gobiidae","Other fishes","Coryphopterus nicholsii",15,NA,NA,NA,"planktivore","planktivore","Non-targeted",NA,"1","cm","g"
"Rhacochilus toxotes","rubberlip seaperch","Embiotocidae","Perciformes","Actinopterygii",1,10,"R_TOXO",NA,0.0239734200900437,3.0787,"g","mm","SL","Miller et al. 2008",NA,1.17233294255569,0,"TYPICAL","FishBase","SL=0.853*TL",21.79,0.35,-1.648,NA,NA,NA,NA,NA,NA,"SL","Used Embiotoca jacksoni",NA,0.853,0,"TYPICAL","FishBase","SL=0.853*TL",NA,NA,NA,NA,NA,NA,NA,NA,NA,NA,NA,19,"substrate associated  hiders (in holes and crevices)  diurnal","RHATOX",39998,"RTOX","RTOX","Rhacochilus toxotes","rubberlip seaperch",NA,NA,"RTOX","R_TOXO","Rhacochilus toxotes","rubberlip surfperch","SURFPERCH","SURFPERCH","Embiotocidae","Sea perches",NA,47,39,27,NA,"benthic macro-invertivore","carnivore","Non-targeted",NA,"1","cm","g"
"Rhacochilus vacca","pile perch","Embiotocidae","Perciformes","Actinopterygii",1,10,"PILE",NA,0.0345429951268152,2.9363,"g","mm","SL","Miller et al. 2008",NA,1.19331742243437,0,"TYPICAL","FishBase","SL=0.838*TL",21.79,0.35,-1.648,NA,NA,NA,NA,NA,NA,"SL","Used Embiotoca jacksoni",NA,0.838,0,"TYPICAL","FishBase","SL=0.838*TL","NS",NA,NA,NA,NA,"#Embryos=2.6TL(cm) - 68","# embryos","Wares 1971",29,"TL","Female Size at maturity 29cm (Wares 1971)",14,"substrate associated  nocturnal generalists","RHAVAC",39999,"RVAC","RVAC","Rhacochilus vacca","pile perch",14019,"Damalichthys vacca Adult","DVAC","PILE","Rhacochilus vacca","pile surfperch","SURFPERCH","SURFPERCH","Embiotocidae","Sea perches",NA,44.2,56,29,NA,"benthic macro-invertivore","carnivore","Non-targeted",NA,"1","cm","g"
"Sphyraena argentea","Pacific barracuda","Sphyraenidae","Perciformes","Actinopterygii",1,10,"S_ARGE",NA,0.0140002279576695,2.7552,"g","mm","SL","Williams et al. 2013",NA,1.134,0,"REVERSE","FishBase","TL=1.134*SL",NA,NA,NA,77.7,0.2618,-2.711,76.35,0.2373,-3.042,"SL","Bottinelli and Allen 2007","SL cm",1.134,0,"REVERSE","FishBase","TL=1.134*SL",NA,NA,NA,NA,NA,NA,NA,NA,NA,NA,NA,NA,NA,"SPHARG",15601,"SARG","SARG","Sphyraena argentea",NA,NA,NA,NA,"S_ARGE","Sphyraena argentea","Pacific barracuda","BARRACUDA","BARRACUDA","Sphyraenidae",NA,"Sphyreana argentium",145,57,22,NA,"piscivore","piscivore","Targeted",NA,"1","cm","g"
"Sebastes atrovirens","kelp rockfish","Sebastidae","Scorpaeniformes","Actinopterygii",1,6,"KELP",NA,0.0239,2.862,"g","cm","TL","Love et al. 2002",NA,NA,NA,NA,NA,NA,NA,NA,NA,28.5,0.29,-0.03,28.19,0.3,-0.01,"SL","Romero 1988","SL cm",1.23,0.667,"REVERSE","Romero 1988",NA,"NS",2e-05,4.134,"mm","SL","F=aSL(mm)^b","eggs","Romero 1988",22,"TL",NA,23,"water column  pelagic mesocarnivores","SEBATR",36120,"SATR","SATR","Sebastes atrovirens","kelp rockfish",14009,"Sebastes atrovirens Adult","SATR","KELP","Sebastes atrovirens","kelp rockfish","ROCKFISH","ROCKFISH","Scorpaenidae","Fished rockfishes",NA,42,38,27,10,"piscivore","piscivore","Targeted",NA,"1","cm","g"
"Sebastes auriculatus","brown rockfish","Sebastidae","Scorpaeniformes","Actinopterygii",1,8,"BROWN",NA,0.044,2.74,"g","cm","TL","Love and Johnson 1998",NA,NA,NA,NA,NA,NA,51.4,0.16,-0.55,NA,NA,NA,NA,NA,NA,"TL","Love and Johnson 1998","TL cm",NA,NA,NA,NA,NA,"F",0.000363,3.34124,"mm","TL","F= aTL (mm)^b","eggs","Garrison 1982",26,"TL","(Female L50 - Love 1998)",10,"substrate associated  nocturnal","SEBAUR1",36111,"SAUR","SAUR","Sebastes auriculatus","brown rockfish",NA,NA,"SAUR","BROWN","Sebastes auriculatus","brown rockfish","ROCKFISH","ROCKFISH","Scorpaenidae","Fished rockfishes",NA,56,57,26,NA,"piscivore","piscivore","Targeted",NA,"1","cm","g"
"Squatina californica","Pacific angel shark","Squatinidae","Squatiniformes","Elasmobranchii",1,10,"S_CALI",NA,0.00816490307977129,3.0193,"g","mm","TL","Williams et al. 2013",NA,NA,NA,NA,NA,NA,121.4,0.148,0,NA,NA,NA,NA,NA,NA,"TL","Caillet et al. 1992","(TL cm) T0 Value missing since based on mark-recapture using FABENS model",NA,NA,NA,NA,NA,NA,NA,NA,NA,NA,NA,NA,NA,NA,NA,NA,10,"substrate associated  nocturnal","SQUCAL",39010,"SCAL","SCAL","Squatina californica",NA,NA,NA,NA,"S_CALI","Squatina californica","Pacific angel shark","SHARK","SHARK","Squatinidae",NA,"Squatina california",152,60,24,40,"piscivore","piscivore","Targeted",NA,"0","cm","g"
"Sebastes carnatus","gopher rockfish","Sebastidae","Scorpaeniformes","Actinopterygii",1,5,"GOPHER",NA,0.0823433339501076,2.6801,"g","mm","SL","Williams et al. 2013",NA,1.2,0,"REVERSE","FishBase","TL=1.12SL",NA,NA,NA,34.1,0.253,-0.1,32.9,0.275,-0.1,"TL","Lea et al. 1999","TL cm",NA,NA,NA,NA,NA,NA,NA,NA,NA,NA,NA,NA,NA,NA,NA,NA,16,"substrate associated  water column/benthic forgaers  mesocarnivores","SEBCAR",36112,"SCAR","SCAR","Sebastes carnatus","gopher rockfish",NA,NA,"SCAR","GOPHER","Sebastes carnatus","gopher rockfish","ROCKFISH","ROCKFISH","Scorpaenidae","Fished rockfishes",NA,39,42,27,10,"piscivore","piscivore","Targeted",NA,"1","cm","g"
"Sebastes caurinus","copper rockfish","Sebastidae","Scorpaeniformes","Actinopterygii",1,10,"COPPER",NA,0.0121696009229123,3.132,"g","mm","TL","Lea et al. 1999",NA,NA,NA,NA,NA,NA,45.6,0.1,-3.7,NA,NA,NA,NA,NA,NA,"FL","Love et al. 2002","FL cm",1.01,0.0629,"REVERSE","Love et al. 2002",NA,"F",2.74e-08,4.9567,"mm","TL","F= aTL (mm)^b","eggs","Matarese 1989",34,"TL","(Female L50 - Echeverria 1987)",10,"substrate associated  nocturnal","SEBCAU",36122,"SCAU","SCAU","Sebastes caurinus","copper rockfish",NA,NA,"SCAU","COPPER","Sebastes caurinus","copper rockfish","ROCKFISH","ROCKFISH","Scorpaenidae","Fished rockfishes","Sebastes vexillaris",58,60,33,NA,"piscivore","piscivore","Targeted",NA,"1","cm","g"
"Sarda chiliensis","Pacific bonito","Scombridae","Perciformes","Actinopterygii",0,10,NA,NA,0.00937830900044908,3.0896,"g","mm","TL","RecFIN",NA,NA,NA,NA,NA,NA,NA,NA,NA,NA,NA,NA,NA,NA,NA,NA,NA,NA,NA,NA,NA,NA,NA,NA,NA,NA,NA,NA,NA,NA,NA,NA,NA,NA,11,"substrate associated  benthic foragers  schooling/nonscholloing  diurnal generalists","SARCHI",19022,"SCHI","SCHI","Sarda chiliensis",NA,NA,NA,NA,NA,NA,NA,NA,NA,NA,NA,NA,NA,57,-30,24,"piscivore","piscivore","Targeted",NA,"0","cm","g"
"Sebastes chrysomelas","black-and-yellow rockfish","Sebastidae","Scorpaeniformes","Actinopterygii",1,5,"CHRYSO",NA,0.0145618992739728,3.114,"g","mm","TL","Lea et al. 1999",NA,NA,NA,NA,NA,NA,NA,NA,NA,21.5,0.21,-0.72,19.9,0.28,-0.28,"TL","Love et al. 2002","TL cm",NA,NA,NA,NA,NA,NA,NA,NA,NA,NA,NA,NA,NA,NA,NA,NA,23,NA,"SEBCHR",36124,"SCHR","SCHR","Sebastes chrysomelas","black and yellow",NA,NA,"SCHR","CHRYSO","Sebastes chrysomelas","black and yellow rockfish","ROCKFISH","ROCKFISH","Scorpaenidae",NA,NA,39,40,27,10,"piscivore","piscivore","Targeted",NA,NA,"cm","g"
"Sebastes dallii","calico rockfish","Sebastidae","Scorpaeniformes","Actinopterygii",1,5,"CALICO",NA,0.00945,3.21542,"g","cm","TL","Love et al. 1990",NA,NA,NA,NA,NA,NA,16.2,0.12,-2.95,NA,NA,NA,NA,NA,NA,"SL","Chen 1971","SL cm- Ages determined with whole otoliths",0.87,0,"TYPICAL","FishBase",NA,"F",0.211,4.0981,"cm","TL","F=aTL(cm)^b    egg production (Eggs excised from ovarian membrane and  in Gilson's solution)","eggs/gonad","Love 1990 (multiplied \a\"" by 1000 since units were 1000's of eggs)""",9,"TL","(Female L50 - Love 1990) one brood per year",10,"substrate associated  nocturnal","SEBDAL",36119,"SDAL","SDAL","Sebastes dallii",NA,NA,NA,NA,"CALICO","Sebastes dallii","calico rockfish","ROCKFISH","ROCKFISH","Scorpaenidae","Fished rockfishes",NA,25,NA,NA,NA,"benthic macro-invertivore","carnivore","Targeted",NA,"1","cm","g"
"Sebastes sp.","rockfish","Sebastidae","Scorpaeniformes","Actinopterygii",1,10,"RKFISH",NA,0.01464,2.96355,"g","cm","TL","used Sebastes hopkinsi",NA,NA,NA,NA,NA,NA,NA,NA,NA,25.25,0.18,-3.36,24.71,0.06,-10.33,"TL","used Sebastes hopkinsi",NA,NA,NA,NA,NA,NA,NA,NA,NA,NA,NA,NA,NA,NA,NA,NA,NA,NA,NA,"SEBSP.",36110,"SEBSPP","SEBSPP","Sebastes sp.",NA,NA,NA,"SCSP","RKFISH","Sebastes spp.","unidentified rockfishes","ROCKFISH","ROCKFISH","Scorpaenidae","Other rockfishes","Sebastes sp",NA,NA,NA,NA,"piscivore","piscivore","Targeted",NA,"1","cm","g"
"Sebastes entomelas","widow rockfish","Sebastidae","Scorpaeniformes","Actinopterygii",1,10,"WIDOW",NA,0.0164,2.942,"g","cm","TL","Love et al. 2002",NA,NA,NA,NA,NA,NA,NA,NA,NA,47.55,0.2,-0.17,41.5,0.25,-0.28,"FL","Williams et al. 2000","FL cm - South of 43 degrees",1.072,-0.6845,"REVERSE","Echeverria and Lenarz 1984",NA,"F",0.007,4.7185,"cm","TL","F=aTL(cm)^b    egg production (Eggs excised from ovarian membrane and  in Gilson's solution)","eggs/gonad","Love 1990 (multiplied \a\"" by 1000 since units were 1000's of eggs)""",35,"TL","(Female L50 - Love 1990) one brood per year",5,NA,"SEBENT",NA,"SENT","SENT",NA,NA,NA,NA,NA,"WIDOW","Sebastes entomelas","widow rockfish","ROCKFISH","ROCKFISH","Scorpaenidae","Fished rockfishes",NA,60,57,32,NA,"planktivore","planktivore","Targeted",NA,"1","cm","g"
"Stereolepis gigas","giant sea bass","Polyprionidae","Perciformes","Actinopterygii",1,10,"S_GIGAS",NA,0.0680117230533493,2.8032,"g","mm","SL","Williams et al. 2013",NA,1.2058,-10.8662,"REVERSE","Williams et al. 2013","TL= 1.2058 *SL + -10.8662",200.6,0.126,-0.49,NA,NA,NA,NA,NA,NA,"TL","used Epinephelus itajara (Bullock 1992)",NA,1.2058,-10.8662,"REVERSE","Williams et al. 2013","TL= 1.2058 *SL + -10.8662",NA,NA,NA,NA,NA,NA,NA,NA,NA,NA,NA,NA,NA,"STEGIG",14021,"SGIG","SGIG","Stereolepis gigas","giant sea bass",NA,NA,NA,"S_GIGAS","Stereolepis gigas","giant sea bass","BASS","BASS","Percichthyidae","Other fishes",NA,250,40,30,NA,"piscivore","piscivore","Non-targeted",NA,"0","cm","g"
"Scorpaena guttata","California scorpionfish","Scorpaenidae","Scorpaeniformes","Actinopterygii",1,10,"S_GUTT",NA,0.0352031142723122,2.9831,"g","mm","SL","Williams et al. 2013",NA,1.2258,0.11535,"REVERSE","Williams et al. 2013","TL= 1.2258 *SL + 1.1535",NA,NA,NA,44.3,0.13,-1.9,36.3,0.12,-3.86,"TL","Love et al. 1987","TL cm",1.2258,0.11535,"REVERSE","Williams et al. 2013","TL= 1.2258 *SL + 1.1535","NO",NA,NA,NA,NA,NA,NA,NA,18,"TL","Female Size at maturity 18cm (Love 1987)",NA,NA,"SCOGUT",16100,"SGUT","SGUT","Scorpaena guttata",NA,NA,NA,"SGUT","S_GUTT","Scorpaena guttata","spotted scorpionfish","SCORPIONFISH","SCORPIONFISH","Scorpaenidae","Other fishes",NA,43,37,24,10,"piscivore","piscivore","Targeted",NA,"1","cm","g"
"Sebastes hopkinsi","squarespot rockfish","Sebastidae","Scorpaeniformes","Actinopterygii",1,10,"SQSPOT",NA,0.01464,2.96355,"g","cm","TL","Love et al. 2002",NA,NA,NA,NA,NA,NA,NA,NA,NA,25.25,0.18,-3.36,24.71,0.06,-10.33,"TL","Love et al. 1990","TL cm",NA,NA,NA,NA,NA,"F",4.219,2.7994,"cm","TL","F=aTL(cm)^b    egg production (Eggs excised from ovarian membrane and  in Gilson's solution)","eggs/gonad","Love 1990 (multiplied \a\"" by 1000 since units were 1000's of eggs)""",14,"TL","(Female L50 - Love 1990) multiple broods per year",10,"substrate associated  nocturnal","SEBHOP",NA,"SHOP","SHOP","Sebastes hopkinsi",NA,NA,NA,NA,"SQSPOT","Sebastes hopkinsi","squarespot rockfish","ROCKFISH","ROCKFISH","Scorpaenidae","Dwarf rockfishes",NA,29,37,29,NA,"planktivore","planktivore","Targeted",NA,"1","cm","g"
"Scomber japonicus","Pacific chub mackerel","Scombridae","Perciformes","Actinopterygii",0,10,"S_JAPO",NA,0.0165484495010783,2.9332,"g","mm","SL","Williams et al. 2013",NA,1.193,0.0881,"REVERSE","van der Elst et al 1991","TL=.0881+1.193*SL",43.61,0.244,-3.02,NA,NA,NA,NA,NA,NA,"FL","Knaggs and Parrish 1973","FL cm",1.01,-0.247,"TYPICAL","Moutopoulos and Stergiou 2002","FL=-.247+1.010*TL",NA,NA,NA,NA,NA,NA,NA,NA,NA,NA,NA,5,NA,"SCOJAP",19021,"SJAP","SJAP","Scomber japonicus",NA,NA,NA,NA,"S_JAPO","Scomber japonicus","Pacific mackerel",NA,NA,"Scombridae","Pelagic",NA,64,57,-30,NA,"piscivore","piscivore","Targeted",NA,"1","cm","g"
"Seriola lalandi","yellowtail jack","Carangidae","Perciformes","Actinopterygii",1,10,NA,NA,0.0238577729337455,2.85,"g","mm","TL","RecFIN",NA,NA,NA,NA,NA,NA,844,0.202,-0.1,NA,NA,NA,NA,NA,NA,NA,"Valdez-Ornelas et al. 2007","TL mm",NA,NA,NA,NA,NA,NA,NA,NA,NA,NA,NA,NA,NA,NA,NA,NA,23,NA,"SERDOR",39901,"SLAL","SLAL","Seriola lalandi",NA,NA,NA,NA,NA,NA,NA,NA,NA,NA,NA,"Seriola dorsalis",250,47,30,24,"piscivore","piscivore","Targeted",NA,"1","cm","g"
"Synodus lucioceps","California lizardfish","Synodontidae","Aulopiformes","Actinopterygii",1,10,"LIZARD",NA,0.00381448455648847,3.2551,"g","mm","SL","Williams et al. 2013",NA,1.147,-0.16583,"REVERSE","Williams et al. 2013","TL= 1.147 *SL + -1.6583",69.8,0.06,-3.5,NA,NA,NA,NA,NA,NA,"TL","used Paralabrax clathratus",NA,1.147,-0.16583,"REVERSE","Williams et al. 2013","TL= 1.147 *SL + -1.6583",NA,NA,NA,NA,NA,NA,NA,NA,NA,NA,NA,23,NA,"SYNLUC",13000,"SLUC","SLUC","Synodus lucioceps",NA,NA,NA,NA,"LIZARD","Synodus lucioceps","California lizardfish","LIZARDFISH","LIZARDFISH","Synodontidae","Other fishes",NA,64,38,28,NA,"piscivore","piscivore","Non-targeted",NA,"1","cm","g"
"Scorpaenichthys marmoratus","cabezon","Cottidae","Scorpaeniformes","Actinopterygii",1,10,"CABZON",NA,0.00842098103925117,3.185,"g","mm","TL","Lea et al. 1999",NA,NA,NA,NA,NA,NA,NA,NA,NA,64.7,0.17,-1.74,44.1,0.35,-1.49,"TL","Grebel 2010","TL cm",NA,NA,NA,NA,NA,"NS",NA,NA,NA,NA,"1000s of eggs = 10.8W(kg)+39.25","1000s of eggs","Lauth 1989",34,"TL","Female Size at maturity 34 cm (Grebel 2010)",NA,NA,"SCOMAR",16412,"SMAR","SMAR","Scorpaenichthys marmoratus","cabezon",NA,NA,"SMAR","CABZON","Scorpaenichthys marmoratus","cabezon","SCULPIN","SCULPIN","Cottidae","Other fishes",NA,99,56,26,15,"piscivore","piscivore","Targeted",NA,"1","cm","g"
"Sebastes melanops","black rockfish","Sebastidae","Scorpaeniformes","Actinopterygii",1,10,"BLACK",NA,0.00893667846016063,3.187,"g","mm","TL","Lea et al. 1999",NA,NA,NA,NA,NA,NA,44.2,0.33,-0.75,NA,NA,NA,NA,NA,NA,"FL","Bobko and Berkeley 2004","FL cm - females",1.017,0.1595,"REVERSE","Echeverria and Lenarz 1984",NA,NA,NA,NA,NA,NA,NA,NA,NA,NA,NA,NA,16,"substrate associated  water column/benthic forgaers  mesocarnivores","SEBMEL1",20008,"SMEL","SMEL","Sebastes melanops","black rockfish",NA,NA,NA,"BLACK","Sebastes melanops","black rockfish","ROCKFISH","ROCKFISH","Scorpaenidae","Fished rockfishes",NA,63,51,33,NA,"piscivore","piscivore","Targeted",NA,"1","cm","g"
"Sebastes miniatus","vermilion rockfish","Sebastidae","Scorpaeniformes","Actinopterygii",1,10,"VERM",NA,0.02157,2.92339,"g","cm","TL","Love et al. 1990",NA,NA,NA,NA,NA,NA,45.7,0.062,-1.16,NA,NA,NA,NA,NA,NA,"FL","used Sebastes chlorostictus",NA,1.028,-0.0723,"REVERSE","used Sebastes chlorostictus",NA,"F",0.002,5.0228,"cm","TL","F=aTL(cm)^b    egg production (Eggs excised from ovarian membrane and  in Gilson's solution)","eggs/gonad","Love 1990 (multiplied \a\"" by 1000 since units were 1000's of eggs)""",37,"TL","(Female L50 - Love 1990) one brood per year",5,NA,"SEBMIN",36113,"SMIN","SMIN","Sebastes miniatus","vermilion rockfish and canary rockfish",NA,NA,NA,"VERM","Sebastes miniatus","vermilion rockfish","ROCKFISH","ROCKFISH","Scorpaenidae","Fished rockfishes",NA,91,50,28,NA,"piscivore","piscivore","Targeted",NA,"1","cm","g"
"Sebastes mystinus","blue rockfish","Sebastidae","Scorpaeniformes","Actinopterygii",1,10,"BLUE",NA,0.012019725890837,3.09,"g","mm","TL","Lea et al. 1999",NA,NA,NA,NA,NA,NA,NA,NA,NA,40.02,0.15,-1.34,32.94,0.2,-0.95,"FL","Laidig et al. 2003","FL cm",1.039,0.2495,"REVERSE","Echeverria and Lenarz 1984",NA,"NS",NA,NA,NA,NA,"(eggs = 211841*wt(kg) + 62585)","#eggs","Key 2008",29,"TL","(Female L50 - Echeverria 1987)",5,"substrate associated  water column foragers  selective feeding  usually benthic refugers  diurnal","SEBMYS",36114,"SMYS","SMYS","Sebastes mystinus","blue rockfish",14005,"Sebastes mystinus Adult","SMYS","BLUE","Sebastes mystinus","blue rockfish","ROCKFISH","ROCKFISH","Scorpaenidae","Fished rockfishes",NA,61,60,31,NA,"planktivore","planktivore","Targeted",NA,"1","cm","g"
"Sebastes paucispinis","bocaccio","Sebastidae","Scorpaeniformes","Actinopterygii",1,10,"BOCAC",NA,7.24049994806115e-09,3.0941,"kg","mm","TL","RecFIN",NA,NA,NA,NA,NA,NA,NA,NA,NA,87.8,0.11,-1.73,76.6,0.13,-1.81,"FL","Wilkins 1980",NA,1.045,-0.087,"REVERSE","Echeverria and Lenarz 1984",NA,"F",1.16,3.2696,"cm","TL","F=aTL(cm)^b    egg production (Eggs excised from ovarian membrane and  in Gilson's solution)","eggs/gonad","Love 1990 (multiplied \a\"" by 1000 since units were 1000's of eggs)""",36,"TL","(Female L50 - Love 1990) multiple broods per year",NA,NA,"SEBPAU",36115,"SPAU","SPAU","Sebastes paucispinis","Bocaccio",NA,NA,"SPAU","BOCAC","Sebastes paucispinis","bocaccio","ROCKFISH","ROCKFISH","Scorpaenidae","Fished rockfishes",NA,91,NA,NA,NA,"piscivore","piscivore","Targeted",NA,"1","cm","g"
"Sebastes pinniger","canary rockfish","Sebastidae","Scorpaeniformes","Actinopterygii",1,10,"CANARY",NA,0.00965135828738627,3.147,"g","mm","TL","Lea et al. 1999",NA,NA,NA,NA,NA,NA,56.9,0.163,-0.561,NA,NA,NA,NA,NA,NA,"FL","Stanley et al. 2009","FL cm",0.943,0,"TYPICAL","FishBase",NA,"F",0.112,4.021,"cm","TL","F=aTL(cm)^b","eggs","Phillips 1964 (calculated from raw data)",44,"TL","(Female L50 - Echeverria 1987)",23,"water column  pelagic mesocarnivores","SEBPIN",NA,"SPIN","SPIN",NA,"vermilion rockfish and canary rockfish",NA,NA,NA,"CANARY","Sebastes pinniger","canary rockfish","ROCKFISH","ROCKFISH","Scorpaenidae","Fished rockfishes",NA,76,56,31,NA,"piscivore","piscivore","Targeted",NA,"1","cm","g"
"Semicossyphus pulcher","California sheephead","Labridae","Perciformes","Actinopterygii",1,10,"SHEEP",NA,0.0538960216685156,2.8047,"g","mm","SL","Williams et al. 2013",NA,1.25,0.323,"TYPICAL","Hamilton et al 2011","SL=0.80TL+0.323",33.22,0.243,0,NA,NA,NA,NA,NA,NA,"SL","Casselle 2011","SL cm",1.203,0,"REVERSE","FishBase",NA,"NS",NA,NA,NA,NA,"annual egg production",NA,"Claisse 2012",29,"TL","(Female L50 -Hamilton 2011)",NA,NA,"SEMPUL",15701,"SPUL","SPUL","Semicossyphus pulcher","CA sheephead",14014.5,"Semicossyphus pulcher Juvenile","SPUL","SHEEP","Semicossyphus pulcher","California sheephead","WRASSE","WRASSE","Labridae","Other fishes",NA,91,37,22,12,"benthic macro-invertivore","carnivore","Targeted",NA,"1","cm","g"
"Sebastes rastrelliger","grass rockfish","Sebastidae","Scorpaeniformes","Actinopterygii",1,10,"GRASS",NA,0.01,3.05,"g","cm","TL","Wilson et al. 2012",NA,NA,NA,NA,NA,NA,45.1,0.13,-1.32,NA,NA,NA,NA,NA,NA,"TL","Wilson 2012",NA,NA,NA,NA,NA,NA,NA,NA,NA,NA,NA,NA,NA,NA,NA,NA,NA,12,"substrate associated crushers","SEBRAS",36121,"SRAS","SRAS","Sebastes rastrelliger","grass rockfish",NA,NA,NA,"GRASS","Sebastes rastrelliger","grass rockfish","ROCKFISH","ROCKFISH","Scorpaenidae",NA,NA,56,44,28,12,"piscivore","piscivore","Targeted",NA,"1","cm","g"
"Sebastes rosaceus","rosy rockfish","Sebastidae","Scorpaeniformes","Actinopterygii",1,10,"ROSY",NA,0.0115663489771865,3.068,"g","mm","TL","Lea et al. 1999",NA,NA,NA,NA,NA,NA,20.2,0.17,-1.13,32.9,0.12,-0.7,30.2,0.16,-0.1,"SL","combined Chen 1971 and Lea et al. 1999","SL cm- Chen 1971- Ages determined with whole otoliths",1.199,0.3917,"REVERSE","Echeverria and Lenarz 1984",NA,"F",0.74,3.6497,"cm","TL","F=aTL(cm)^b    egg production (Eggs excised from ovarian membrane and  in Gilson's solution)","eggs/gonad","Love 1990 (multiplied \a\"" by 1000 since units were 1000's of eggs)""",15,"TL","(Female L50 - Love 1990) multiple broods per year",10,"substrate associated  nocturnal","SEBROS1",NA,"SROS","SROS","Sebastes rosaceus",NA,NA,NA,NA,"ROSY","Sebastes rosaceus","rosy rockfish","sebastomus_gp","ROCKFISH","Scorpaenidae","Fished rockfishes",NA,36,NA,NA,NA,"benthic macro-invertivore","carnivore","Targeted",NA,"1","cm","g"
"Sebastes rubrivinctus","flag rockfish","Sebastidae","Scorpaeniformes","Actinopterygii",1,10,"FLAG",NA,0.0206142653604559,2.9431,"g","mm","TL","RecFIN",NA,NA,NA,NA,NA,NA,NA,NA,NA,25.25,0.18,-3.36,24.71,0.06,-10.33,"TL","used Sebastes hopkinsi",NA,NA,NA,NA,NA,NA,"NO",NA,NA,NA,NA,NA,NA,NA,34,"TL","(Female L50 - Echeverria 1987)",8,NA,"SEBRUB2",NA,"SRUB","SRUB","Sebastes rubrivinctus",NA,NA,NA,NA,"FLAG","Sebastes rubrivinctus","flag rockfish","ROCKFISH","ROCKFISH","Scorpaenidae","Fished rockfishes",NA,51,60,30,NA,"piscivore","piscivore","Targeted",NA,"1","cm","g"
"Sardinops sagax","Pacific sardine","Clupeidae","Clupeiformes","Actinopterygii",0,10,"S_SAGA",NA,0.0124895549009626,3.021,"g","mm","SL","Williams et al. 2013",NA,1.22850122850123,0,"TYPICAL","FishBase","SL=0.813TL",20.5,1.19,0,NA,NA,NA,NA,NA,NA,"SL","Butler et al. 1996","SL cm",1.228,0,"REVERSE","FishBase",NA,NA,NA,NA,NA,NA,NA,NA,NA,NA,NA,NA,10,NA,"SARSAG",30102,"SSAG","SSAG","Sardinops sagax",NA,NA,NA,NA,"S_SAGA","Sardinops sagax","Pacific sardine","HERRING","HERRING","Clupeidae",NA,NA,39.5,55,23,NA,"planktivore","planktivore","Targeted",NA,"1","cm","g"
"Sebastes saxicola","stripetail rockfish","Sebastidae","Scorpaeniformes","Actinopterygii",1,10,"STRIPE",NA,0.02479,2.8048,"g","cm","TL","Love et al. 1990",NA,NA,NA,NA,NA,NA,NA,NA,NA,33.05,0.06,-4.63,17.58,0.19,-3.78,"TL","Love et al. 1990","TL cm",NA,NA,NA,NA,NA,"F",0.548,3.7925,"cm","TL","F=aTL(cm)^b    egg production (Eggs excised from ovarian membrane and  in Gilson's solution)","eggs/gonad","Love 1990 (multiplied \a\"" by 1000 since units were 1000's of eggs)""",10,"TL","(Female L50 - Love 1990) one brood per year",1,"water column foragers  schooling  filter feeding","SEBSAX",NA,"SSAX","SSAX",NA,NA,NA,NA,NA,"STRIPE","Sebastes saxicola","stripetail rockfish","ROCKFISH","ROCKFISH","Scorpaenidae","Dwarf rockfishes",NA,38,57,27,NA,"planktivore","planktivore","Targeted",NA,"1","cm","g"
"Sebastes serranoides","olive rockfish","Sebastidae","Scorpaeniformes","Actinopterygii",1,10,"OLIVE",NA,0.00863036888950981,3.136,"g","mm","TL","Lea et al. 1999",NA,NA,NA,NA,NA,NA,NA,NA,NA,51.9,0.18,-1.57,43.3,0.27,-1.03,"TL","Love and Westenphal 1981","TL cm",NA,NA,NA,NA,NA,"F",0.006,4.619,"cm","TL","F=aTL(cm)^b","eggs","Love 1981",35,"TL","(Female L50 - Echeverria 1987)",NA,NA,"SEBSER1",36116,"SSER","SSER",NA,"yellowtail rockfish & olive rockfish",14007,"Sebastes serranoides Adult","SSER","OLIVE","Sebastes serranoides","olive rockfish","ROCKFISH","ROCKFISH","Scorpaenidae","Fished rockfishes",NA,61,41,28,NA,"planktivore","planktivore","Non-targeted",NA,"1","cm","g"
"Sebastes serriceps","treefish","Sebastidae","Scorpaeniformes","Actinopterygii",1,10,"TREE",NA,0.014,3.081,"g","cm","TL","Colton and Larson 2007",NA,NA,NA,NA,NA,NA,30.6,0.233,-1.167,NA,NA,NA,NA,NA,NA,"TL","Colton and Larson 2007","TL cm",NA,NA,NA,NA,NA,NA,NA,NA,NA,NA,NA,NA,NA,NA,NA,NA,NA,NA,"SEBSER2",36118,"STRE","STRE","Sebastes serriceps","treefish",NA,NA,"STRE","TREE","Sebastes serriceps","treefish","ROCKFISH","ROCKFISH","Scorpaenidae","Fished rockfishes",NA,41,37,28,NA,"piscivore","piscivore","Targeted",NA,"1","cm","g"
"Syngnathus sp.","pipefish","Syngnathidae","Syngnathiformes","Actinopterygii",1,10,"PIPEF",NA,0.000188606523049527,3.3487,"g","mm","SL","used Synganthus leptorhynchus",NA,1.0752688172043,0,"TYPICAL","FishBase",NA,NA,NA,NA,156.5,0.054,-1.1,32.3,0.57,-0.35,"TL","used Heterostichus rostratus (Stepien 1986)","(both sexes extreme in a different way - try to find alternative if possible",NA,NA,NA,"FishBase",NA,NA,NA,NA,NA,NA,NA,NA,NA,NA,NA,NA,10,"substrate associated  nocturnal","SYNSP.",36813,"SYNG","SYNG","Syngnathus sp.",NA,NA,NA,"SYNG","PIPEF","Syngnathidae","unidentified pipefish",NA,NA,"Syngnathidae",NA,"Syngnathus sp",NA,NA,NA,NA,"planktivore","planktivore","Non-targeted",NA,"1","cm","g"
"Torpedo californica","Pacific electric ray","Torpedinidae","Torpediniformes","Elasmobranchii",1,10,"T_CALI",NA,0.041677152588938,2.7748,"g","mm","TL","Miller et al. 2008",NA,NA,NA,NA,NA,NA,NA,NA,NA,137.3,0.0733,-1.934,92.1,0.1372,-1.483,"TL","Neer and Caillet 2001","TL cm",NA,NA,NA,NA,NA,NA,NA,NA,NA,NA,NA,NA,NA,NA,NA,NA,18,NA,"TORCAL",39017,"TCAL","TCAL","Torpedo californica",NA,NA,NA,NA,"T_CALI","Torpedo californica","Pacific electric ray","RAY","RAY","Torpedinidae","Rays",NA,140,53,28,NA,"piscivore","piscivore","Non-targeted",NA,"0","cm","g"
"Triakis semifasciata","leopard shark","Triakidae","Carcharhiniformes","Elasmobranchii",1,10,"LEOPARD",NA,0.00531639163170105,2.9511,"g","mm","TL","Williams et al. 2013",NA,NA,NA,NA,NA,NA,153.6,0.082,-2.31,NA,NA,NA,NA,NA,NA,"TL","Kusher et al. 1992","TL cm",NA,NA,NA,NA,NA,NA,NA,NA,NA,NA,NA,NA,NA,NA,NA,NA,NA,NA,"TRISEM",39016,"TSEM","TSEM","Triakis semifasciata",NA,NA,NA,"TSEM","LEOPARD","Triakis semifasciata","leopard shark",NA,NA,"Triakididae",NA,NA,198,43,23,36,"benthic macro-invertivore","carnivore","Targeted",NA,"0","cm","g"
"Trachurus symmetricus","jack mackerel","Carangidae","Perciformes","Actinopterygii",1,10,"T_SYMM",NA,0.00932605645283858,3.1246,"g","mm","SL","Miller et al. 2008",NA,1.25786163522013,0,"TYPICAL","FishBase","SL=0.795*TL",60.29,0.0935,-3.252,NA,NA,NA,NA,NA,NA,"FL","Wine and Knaggs 1975","FL cm",1.093,0,"REVERSE","FishBase","SL=0.795*TL",NA,NA,NA,NA,NA,NA,NA,NA,NA,NA,NA,23,NA,"TRASYM",19900,"TSYM","TSYM","Trachurus symmetricus",NA,NA,NA,NA,"T_SYMM","Trachurus symmetricus","jack mackerel",NA,NA,"Carangidae","Pelagic",NA,81,57,24,NA,"planktivore","planktivore","Non-targeted",NA,"1","cm","g"
"Urobatis halleri","round stingray","Urolophidae","Myliobatiformes","Elasmobranchii",1,10,NA,NA,0.0596698054655793,3.0176,"g","mm","DW","Williams et al. 2013",NA,NA,NA,NA,NA,NA,250.5,0.11,-5.4,NA,NA,NA,NA,NA,NA,NA,"Hale & Lowe 2008",NA,NA,NA,NA,NA,NA,NA,NA,NA,NA,NA,NA,NA,NA,NA,NA,NA,23,"water column  pelagic mesocarnivores","UROHAL",39011,"UHAL","UHAL","Urobatis halleri",NA,NA,NA,NA,NA,NA,NA,NA,NA,NA,NA,NA,58,NA,NA,NA,"benthic macro-invertivore","carnivore","Non-targeted",NA,"0","cm","g"
"Xenistius californiensis","salema","Haemulidae","Perciformes","Actinopterygii",1,10,NA,NA,0.00869728652295586,2.91,"g","mm","TL","RecFIN",NA,NA,NA,NA,NA,NA,NA,NA,NA,NA,NA,NA,NA,NA,NA,NA,NA,NA,NA,NA,NA,NA,NA,NA,NA,NA,NA,NA,NA,NA,NA,NA,NA,NA,22,"substrate associated  diggers and extractors","XENCAL",15602,"XCAL","XCAL","Xenistius californiensis",NA,NA,NA,NA,NA,NA,NA,NA,NA,NA,NA,NA,30,36,-10,NA,"planktivore","planktivore","Targeted",NA,"1","cm","g"
"Zalembius rosaceus","pink seaperch","Embiotocidae","Perciformes","Actinopterygii",1,10,"Z_ROSA",NA,0.01532,2.927962,"g","cm","TL","Love unpublished data",NA,NA,NA,NA,NA,NA,12.87,0.63,-0.45,NA,NA,NA,NA,NA,NA,"SL","used Cymatogater aggregata",NA,1.18,0,"REVERSE","FishBase",NA,NA,NA,NA,NA,NA,NA,NA,NA,NA,NA,NA,3,NA,"ZALROS",99116,"ZROS","ZROS","Zalembius rosaceus",NA,NA,NA,NA,"Z_ROSA","Zalembius rosaceus","pink surfperch","SURFPERCH","SURFPERCH","Embiotocidae","Sea perches",NA,20,38,27,NA,"planktivore","planktivore","Non-targeted",NA,"1","cm","g"
"Amphistichus argenteus","barred surfperch","Embiotocidae","Perciformes","Actinopterygii",1,10,NA,NA,0.03,3,"g","cm","SL","Ruiz-Campos et al. 2006",NA,1.24223602484472,0.203,"TYPICAL","Karpov and Kwiecien 1988",NA,NA,NA,NA,NA,NA,NA,NA,NA,NA,NA,NA,NA,NA,NA,NA,"Karpov and Kwiecien 1988",NA,NA,NA,NA,NA,NA,NA,NA,NA,NA,NA,NA,NA,NA,"AMPARG",15400,NA,NA,"Amphistichus argenteus",NA,NA,NA,NA,NA,NA,NA,NA,NA,NA,NA,NA,43,NA,NA,NA,"benthic micro-invertivore","carnivore","Targeted",NA,"1","cm","g"
"Apogon guadalupensis","Guadalupe cardinalfish","Apogonidae","Perciformes","Actinopterygii",1,10,NA,NA,0.01034,3.07492,"g","cm","TL","Balart et al. 2006 (used A. pacificus)",NA,NA,NA,NA,NA,NA,NA,NA,NA,NA,NA,NA,NA,NA,NA,NA,NA,NA,NA,NA,NA,NA,NA,NA,NA,NA,NA,NA,NA,NA,NA,NA,NA,NA,20,NA,"APOGUA",99114,NA,NA,"Apogon guadalupensis",NA,NA,NA,NA,NA,NA,NA,NA,NA,NA,NA,NA,13,33,23,NA,"benthic micro-invertivore","carnivore","Non-targeted",NA,"1","cm","g"
"Artedius sp.","sculpin","Cottidae","Scorpaeniformes","Actinopterygii",1,3,NA,NA,0.0243719727041929,2.8831,"g","mm","SL","used Artedius corallinus",NA,1.18849536486808,-0.10798,"TYPICAL","used Artedius corallinus","(SL = aTL+b)cm",NA,NA,NA,NA,NA,NA,NA,NA,NA,NA,NA,NA,NA,NA,NA,NA,NA,NA,NA,NA,NA,NA,NA,NA,NA,NA,NA,NA,NA,NA,NA,NA,NA,NA,NA,NA,NA,NA,NA,NA,NA,NA,NA,NA,NA,NA,"Artedius sp",NA,NA,NA,NA,"benthic micro-invertivore","carnivore","Non-targeted",NA,"1","cm","g"
"Gibbonsia elegans","spotted kelpfish","Clinidae","Perciformes","Actinopterygii",1,5,NA,NA,0.00827258498452398,3.2364,"g","mm","SL","Williams et al. 2013",NA,1.1532,-0.03716,"REVERSE","Williams et al. 2013","TL= 1.1532 *SL + -0.3716",NA,NA,NA,NA,NA,NA,NA,NA,NA,NA,NA,NA,1.1532,-0.03716,"REVERSE","Williams et al. 2013","TL= 1.1532 *SL + -0.3716",NA,NA,NA,NA,NA,NA,NA,NA,NA,NA,NA,14,NA,"GIBELE",17502,NA,"GIBB",NA,NA,NA,NA,NA,NA,NA,NA,NA,NA,NA,NA,"Gibonsia elegans",16,35,24,NA,"benthic micro-invertivore","carnivore","Non-targeted",NA,"1","cm","g"
"Prognathodes falcifer","scythe butterflyfish","Chaetodontidae","Perciformes","Actinopterygii",1,10,NA,NA,0.00792679921932708,3.227,"g","mm","TL","used Hyperprosopon ellipticum",NA,NA,NA,NA,NA,NA,NA,NA,NA,NA,NA,NA,NA,NA,NA,NA,NA,NA,NA,NA,NA,NA,NA,NA,NA,NA,NA,NA,NA,NA,NA,NA,NA,NA,NA,NA,"CHAFAL",NA,NA,NA,NA,NA,NA,NA,NA,NA,NA,NA,NA,NA,NA,NA,"Chaetodon falcifer",15,NA,NA,NA,"benthic micro-invertivore","carnivore","Non-targeted",NA,"1","cm","g"
"Rhinobatos productus","shovelnose guitarfish","Rhinobatidae","Rajiformes","Elasmobranchii",1,10,NA,NA,0.00353015780827689,3.0125,"g","mm","TL","Williams et al. 2013",NA,NA,NA,NA,NA,NA,1084,0.189,-0.1,NA,NA,NA,NA,NA,NA,NA,"Valdez-Ornelas et al. 2007","TL mm",NA,NA,NA,NA,NA,NA,NA,NA,NA,NA,NA,NA,NA,NA,NA,NA,20,NA,"RHIPRO",39012,NA,NA,"Rhinobatos productus",NA,NA,NA,NA,NA,NA,NA,NA,NA,NA,NA,"Rhinobatis productus",119,NA,NA,NA,"benthic macro-invertivore","carnivore","Targeted",NA,"?","cm","g"
"Scorpaenodes xyris","rainbow scorpionfish","Scorpaenidae","Scorpaeniformes","Actinopterygii",1,10,NA,NA,0.0167,2.9253,"g","cm","TL","Balart et al. 2006",NA,NA,NA,NA,NA,NA,NA,NA,NA,NA,NA,NA,NA,NA,NA,NA,NA,NA,NA,NA,NA,NA,NA,NA,NA,NA,NA,NA,NA,NA,NA,NA,NA,NA,NA,NA,"SCOXYR",99113,NA,NA,"Scorpaenodes xyris",NA,NA,NA,NA,NA,NA,NA,NA,NA,NA,NA,NA,15,33,10,NA,"benthic macro-invertivore","carnivore","Targeted",NA,"1","cm","g"
"Sebastes semicinctus","halfbanded rockfish","Sebastidae","Scorpaeniformes","Actinopterygii",1,10,"HALFB",NA,6.73602555671495e-09,3.182,"kg","mm","TL","RecFIN",NA,NA,NA,NA,NA,NA,NA,NA,NA,18.14,0.37,-1.37,14.62,0.45,-1.46,"TL","Love et al. 1990","TL cm",NA,NA,NA,NA,NA,"F",0.289,3.9157,"cm","TL","F=aTL(cm)^b    egg production (Eggs excised from ovarian membrane and  in Gilson's solution)","eggs/gonad","Love 1990 (multiplied \a\"" by 1000 since units were 1000's of eggs)""",11,"TL","(Female L50 - Love 1990) one brood per year",NA,NA,"SEBSEM",NA,NA,NA,"Sebastes semicinctus",NA,NA,NA,NA,"HALFB","Sebastes semicinctus","halfbanded rockfish","ROCKFISH","ROCKFISH","Scorpaenidae","Dwarf rockfishes",NA,25,37,27,NA,"planktivore","planktivore","Targeted",NA,"1","cm","g"
"Sebastes serranoides/S. flavidus (YOY)","olive/yellowtail rockfish (YOY)","Sebastidae","Scorpaeniformes","Actinopterygii",1,10,NA,NA,0.00863036888950981,3.136,"g","mm","TL","used Sebastes serranoides",NA,NA,NA,NA,NA,NA,NA,NA,NA,NA,NA,NA,NA,NA,NA,NA,NA,NA,NA,NA,NA,NA,NA,NA,NA,NA,NA,NA,NA,NA,NA,NA,NA,NA,6,"Substrate associated  nocturnal visual",NA,NA,NA,NA,NA,NA,NA,NA,NA,NA,NA,NA,NA,NA,NA,NA,NA,NA,NA,NA,NA,"planktivore","planktivore","Non-targeted",NA,"1","cm","g"
"Sebastes umbrosus","honeycomb rockfish","Sebastidae","Scorpaeniformes","Actinopterygii",1,10,"HONEY",NA,9.1269988027947e-09,3.1969,"kg","mm","TL","RecFIN",NA,NA,NA,NA,NA,NA,24.9,0.11,-0.54,NA,NA,NA,NA,NA,NA,"SL","Chen 1971","SL cm- Ages determined with whole otoliths",1.215,0.1816,"REVERSE","Echeverria and Lenarz 1984",NA,"NO",NA,NA,NA,NA,NA,NA,NA,NA,NA,NA,NA,NA,"SEBUMB",16143,NA,NA,"Sebastes umbrosus",NA,NA,NA,NA,"HONEY","Sebastes umbrosus","honeycomb rockfish","sebastomus_gp","ROCKFISH","Scorpaenidae",NA,NA,29.8,37,26,NA,"benthic micro-invertivore","carnivore","Targeted","groups are a guess no one knows what they eat","1","cm","g"
"Syngnathus californiensis","kelp pipefish","Syngnathidae","Syngnathiformes","Actinopterygii",1,10,NA,NA,0.000188606523049527,3.3487,"g","mm","SL","used Synganthus leptorhynchus",NA,1.0212,0.11986,"REVERSE","used Synganthus leptorhynchus","TL= 1.0212 *SL + 1.1986",NA,NA,NA,NA,NA,NA,NA,NA,NA,NA,NA,NA,NA,NA,NA,NA,NA,NA,NA,NA,NA,NA,NA,NA,NA,NA,NA,NA,NA,NA,"SYNCAL",26812,NA,NA,NA,NA,NA,NA,NA,NA,NA,NA,NA,NA,NA,NA,NA,50,37,24,NA,"planktivore","planktivore","Non-targeted",NA,"1","cm","g"
"unidentified fish","unidentified fish",NA,NA,NA,0,10,NA,NA,NA,NA,NA,NA,NA,NA,NA,NA,NA,NA,NA,NA,NA,NA,NA,NA,NA,NA,NA,NA,NA,NA,NA,NA,NA,NA,NA,NA,NA,NA,NA,NA,NA,NA,NA,NA,NA,NA,NA,NA,NA,NA,NA,NA,NA,NA,"unidentified fish",NA,NA,NA,NA,NA,NA,NA,NA,NA,NA,NA,"Unidentified Fish",NA,NA,NA,NA,NA,NA,NA,NA,"1",NA,NA
"Zapteryx exasperata","banded guitarfish","Rhinobatidae","Rajiformes","Elasmobranchii",1,10,NA,NA,1e-09,3.4226,"kg","cm","TL","Blanco-Parra et al. 2009",NA,NA,NA,NA,NA,NA,NA,NA,NA,NA,NA,NA,NA,NA,NA,NA,NA,NA,NA,NA,NA,NA,NA,NA,NA,NA,NA,NA,NA,NA,NA,NA,NA,NA,NA,NA,"ZAPEXA",10602,NA,NA,"Zapteryx exasperata",NA,NA,NA,NA,NA,NA,NA,NA,NA,NA,NA,NA,83,33,9,NA,"benthic macro-invertivore","carnivore","Targeted",NA,"0","cm","g"
